lauf,E,gamma,phi,depth,t,wanduhr_s,cpu_s,speicher_MB,knoten,netz_s,loesen_s,spannungen_mc_s,paraview_s,schnittgroessen_s,im_skript_s
lauf_01,105.0,21.25,30.5,16.0,0.28,6.187,2.215,290.3,1919,0.194,1.266,1.422,0.762,0.934,4.577
lauf_02,280.0,19.75,34.0,26.0,0.34,3.072,1.428,293.3,2055,0.112,0.729,0.593,0.42,0.433,2.287
lauf_03,430.0,20.5,27.0,22.0,0.35,3.053,1.477,293.5,2045,0.117,0.769,0.538,0.496,0.422,2.342
lauf_04,345.0,18.5,34.5,16.0,0.32,2.813,1.305,294.0,2029,0.124,0.745,0.257,0.533,0.375,2.034
lauf_05,355.0,19.75,30.5,27.0,0.24,3.377,1.424,291.9,1925,0.126,0.745,0.43,0.904,0.374,2.578
lauf_06,390.0,21.25,27.0,24.0,0.46,2.878,1.384,297.4,2223,0.122,0.738,0.435,0.472,0.379,2.146
lauf_07,190.0,18.75,26.5,12.0,0.48,3.007,1.481,294.5,2161,0.124,0.731,0.521,0.419,0.45,2.245
lauf_08,230.0,20.5,26.5,23.0,0.29,2.924,1.438,292.3,1940,0.124,0.767,0.439,0.424,0.361,2.116
lauf_09,305.0,20.25,28.0,21.0,0.41,3.084,1.461,295.1,2101,0.119,0.739,0.523,0.527,0.434,2.342
lauf_10,320.0,20.25,29.0,32.0,0.25,3.074,1.438,291.5,1904,0.117,0.718,0.523,0.504,0.439,2.301
lauf_11,405.0,19.0,26.0,29.0,0.31,3.031,1.463,294.3,2010,0.12,0.729,0.59,0.386,0.418,2.242
lauf_12,460.0,21.0,28.5,31.0,0.37,2.941,1.413,294.7,2042,0.114,0.73,0.533,0.402,0.408,2.187
lauf_13,415.0,19.5,32.5,17.0,0.45,2.983,1.445,296.3,2152,0.117,0.752,0.528,0.413,0.416,2.225
lauf_14,155.0,19.0,29.5,23.0,0.27,2.534,1.269,292.2,1914,0.12,0.721,0.138,0.412,0.374,1.766
lauf_15,75.0,18.75,27.5,13.0,0.35,2.83,1.376,294.1,2044,0.119,0.725,0.428,0.421,0.376,2.069
lauf_16,215.0,21.5,25.5,21.0,0.44,2.62,1.324,293.7,2146,0.123,0.743,0.258,0.397,0.362,1.883
lauf_17,70.0,19.25,31.5,13.0,0.26,2.599,1.335,290.8,1899,0.126,0.715,0.253,0.365,0.372,1.831
lauf_18,245.0,20.75,28.0,28.0,0.41,2.971,1.458,294.0,2076,0.128,0.714,0.609,0.374,0.417,2.242
lauf_19,95.0,21.5,29.0,26.0,0.47,2.542,1.311,297.6,2211,0.127,0.755,0.153,0.409,0.376,1.819
lauf_20,270.0,18.25,32.5,12.0,0.41,2.734,1.322,294.6,2051,0.115,0.737,0.253,0.467,0.391,1.963
lauf_21,255.0,21.5,32.0,18.0,0.33,2.699,1.358,292.4,2015,0.118,0.722,0.414,0.382,0.376,2.012
lauf_22,375.0,21.75,30.5,18.0,0.23,2.759,1.375,290.8,1895,0.121,0.768,0.267,0.431,0.408,1.994
lauf_23,170.0,19.5,30.5,16.0,0.38,2.711,1.384,293.4,2048,0.12,0.852,0.175,0.393,0.387,1.929
lauf_24,445.0,20.25,31.0,27.0,0.43,2.723,1.302,294.0,2096,0.118,0.749,0.152,0.578,0.403,1.999
lauf_25,330.0,20.25,31.5,22.0,0.28,2.785,1.423,291.2,1917,0.128,0.8,0.152,0.514,0.434,2.027
lauf_26,130.0,18.5,33.0,34.0,0.36,3.148,1.452,293.7,2060,0.116,0.793,0.476,0.598,0.37,2.354
lauf_27,475.0,18.75,29.0,33.0,0.42,2.958,1.355,293.2,2051,0.118,0.741,0.422,0.56,0.378,2.219
lauf_28,160.0,21.0,33.0,31.0,0.31,2.671,1.377,291.3,1990,0.118,0.752,0.15,0.499,0.401,1.92
lauf_29,120.0,20.75,34.0,19.0,0.23,2.893,1.509,289.9,1890,0.132,0.794,0.453,0.386,0.37,2.134
lauf_30,200.0,19.25,33.5,32.0,0.39,2.549,1.339,295.0,2043,0.121,0.753,0.144,0.402,0.368,1.788
