theta_deg,N_N_per_m,M_Nm_per_m
0.000000000000000000e+00,-1.429767554075534223e+06,3.209924263097721850e+05
1.000000000000000000e+00,-1.427981873387106461e+06,3.203909758759834804e+05
2.000000000000000000e+00,-1.425878715547206346e+06,3.194187590009582345e+05
3.000000000000000444e+00,-1.423497892031760188e+06,3.180774183247811161e+05
4.000000000000000000e+00,-1.420866278082590550e+06,3.163678110381430597e+05
5.000000000000000000e+00,-1.417889102846784284e+06,3.142894688495088485e+05
6.000000000000000888e+00,-1.414637849622640293e+06,3.118428543097354705e+05
7.000000000000000000e+00,-1.411230229080698220e+06,3.090289562606671243e+05
8.000000000000000000e+00,-1.407459185937045608e+06,3.058472268288561609e+05
9.000000000000000000e+00,-1.403401570912636351e+06,3.023000842841747799e+05
1.000000000000000000e+01,-1.399248359917189460e+06,2.983920931812645285e+05
1.100000000000000000e+01,-1.395024484294003807e+06,2.941282738791817683e+05
1.200000000000000178e+01,-1.390388536977770273e+06,2.895127946525184670e+05
1.300000000000000000e+01,-1.385482996886883164e+06,2.845545729081854806e+05
1.400000000000000000e+01,-1.380524041499583982e+06,2.792642467481535277e+05
1.499999999999999822e+01,-1.375267706072492525e+06,2.736502031559579773e+05
1.600000000000000000e+01,-1.369574598178446759e+06,2.677219393217936740e+05
1.700000000000000000e+01,-1.363689473812842974e+06,2.614915024520631996e+05
1.800000000000000000e+01,-1.357727040256683249e+06,2.549696433653916465e+05
1.900000000000000000e+01,-1.351260228807758773e+06,2.481627670843995875e+05
2.000000000000000000e+01,-1.344540428099042969e+06,2.410810109479858074e+05
2.100000000000000000e+01,-1.337900260298243957e+06,2.337342496374404873e+05
2.200000000000000000e+01,-1.330941346506413072e+06,2.261268067794872040e+05
2.300000000000000000e+01,-1.323719351191504160e+06,2.182657361875663337e+05
2.400000000000000355e+01,-1.316644120736624813e+06,2.101605369365190563e+05
2.500000000000000000e+01,-1.309629678436831804e+06,2.018178457545031852e+05
2.600000000000000000e+01,-1.302280611360137584e+06,1.932430719953965163e+05
2.700000000000000000e+01,-1.294966358899094863e+06,1.844479212726633996e+05
2.800000000000000000e+01,-1.287973114305198425e+06,1.754448505963036150e+05
2.900000000000000355e+01,-1.280776098620262230e+06,1.662421802924462245e+05
2.999999999999999645e+01,-1.273215873437413946e+06,1.568518656751464878e+05
3.100000000000000000e+01,-1.265662428350818576e+06,1.472903196625842247e+05
3.200000000000000000e+01,-1.258315125049202237e+06,1.375733215934709006e+05
3.300000000000000000e+01,-1.250358406072518090e+06,1.277099097994899930e+05
3.400000000000000000e+01,-1.241968577375642257e+06,1.177154765797485015e+05
3.500000000000000000e+01,-1.233585661499580834e+06,1.076065243123822875e+05
3.600000000000000000e+01,-1.225051871561729582e+06,9.739463899403654796e+04
3.700000000000000000e+01,-1.215927262322677765e+06,8.708853174503840273e+04
3.800000000000000000e+01,-1.206708221681945492e+06,7.670231078080530278e+04
3.900000000000000000e+01,-1.197683089296756778e+06,6.624799054734999663e+04
4.000000000000000000e+01,-1.188287857614056207e+06,5.573147466581596382e+04
4.100000000000000000e+01,-1.178847685879673110e+06,4.516465672112970788e+04
4.200000000000000000e+01,-1.169866025266145589e+06,3.456101813271275751e+04
4.300000000000000000e+01,-1.161028503929714439e+06,2.392925265768721874e+04
4.400000000000000000e+01,-1.152136754998781951e+06,1.327977822223521434e+04
4.500000000000000000e+01,-1.143683627070540562e+06,2.628698469351742006e+03
4.600000000000000000e+01,-1.135765835023259046e+06,-8.009576791555724412e+03
4.700000000000000000e+01,-1.127666559503359720e+06,-1.862534565705676869e+04
4.800000000000000711e+01,-1.119689126865006750e+06,-2.920159277093678247e+04
4.900000000000000000e+01,-1.112210671996092889e+06,-3.972075059490584681e+04
5.000000000000000000e+01,-1.104727248297270620e+06,-5.017153484603698598e+04
5.100000000000000000e+01,-1.096864635152184172e+06,-6.054250907795434614e+04
5.200000000000000000e+01,-1.089032062197794439e+06,-7.081796106962782505e+04
5.300000000000000000e+01,-1.081464230289382860e+06,-8.098449748663231730e+04
5.400000000000000000e+01,-1.073454151141523616e+06,-9.103620539206688409e+04
5.500000000000000000e+01,-1.065232756635209778e+06,-1.009618526257297199e+05
5.600000000000000000e+01,-1.057275655411806190e+06,-1.107492818215263833e+05
5.700000000000000711e+01,-1.049246092580905417e+06,-1.203921707791198132e+05
5.800000000000000711e+01,-1.041102942510859692e+06,-1.298821915093521093e+05
5.900000000000000711e+01,-1.033365339345753775e+06,-1.392068736865847313e+05
5.999999999999999289e+01,-1.025790201912711491e+06,-1.483582316958254378e+05
6.100000000000000000e+01,-1.018459848668862018e+06,-1.573252932131420530e+05
6.200000000000000000e+01,-1.011468457629731391e+06,-1.660962054986902804e+05
6.300000000000000000e+01,-1.004922055512206745e+06,-1.746583813241621829e+05
6.400000000000000000e+01,-9.987784985750232590e+05,-1.829998529985781352e+05
6.500000000000000000e+01,-9.927301067881904310e+05,-1.911104327076770132e+05
6.600000000000000000e+01,-9.870808593674764270e+05,-1.989762208304037340e+05
6.700000000000000000e+01,-9.818469718562477501e+05,-2.065860563826658763e+05
6.800000000000000000e+01,-9.764979423983319430e+05,-2.139335852232507896e+05
6.900000000000000000e+01,-9.711821175394670572e+05,-2.210092191044179781e+05
7.000000000000000000e+01,-9.662081140052970732e+05,-2.278036871301028877e+05
7.100000000000000000e+01,-9.613318163227093173e+05,-2.343127402568394318e+05
7.200000000000000000e+01,-9.563176516318225767e+05,-2.405331367994587636e+05
7.300000000000000000e+01,-9.514704339112113230e+05,-2.464587172318972589e+05
7.400000000000000000e+01,-9.469487093999555800e+05,-2.520846205031854042e+05
7.500000000000000000e+01,-9.424383714682236314e+05,-2.574090733929176640e+05
7.600000000000000000e+01,-9.381278274968008045e+05,-2.624264756663970766e+05
7.700000000000000000e+01,-9.342730307909379480e+05,-2.671300830118192825e+05
7.800000000000000000e+01,-9.307444244553875178e+05,-2.715149541822741739e+05
7.900000000000000000e+01,-9.274527451112339040e+05,-2.755751413166131824e+05
8.000000000000000000e+01,-9.245996462703249417e+05,-2.793022117933651316e+05
8.100000000000000000e+01,-9.222122201064790133e+05,-2.826887151404951583e+05
8.200000000000000000e+01,-9.200529395905935671e+05,-2.857292037061078008e+05
8.300000000000000000e+01,-9.181734633038528264e+05,-2.884169444607475307e+05
8.400000000000000000e+01,-9.166559365461859852e+05,-2.907460649414182990e+05
8.500000000000000000e+01,-9.153842665285777766e+05,-2.927134083742725197e+05
8.600000000000000000e+01,-9.142072239706662949e+05,-2.943176201766409213e+05
8.700000000000000000e+01,-9.132058195578728337e+05,-2.955573769450227846e+05
8.800000000000000000e+01,-9.124758878389921738e+05,-2.964327196543971077e+05
8.900000000000000000e+01,-9.119575123925181106e+05,-2.969459312355400180e+05
9.000000000000000000e+01,-9.116497448139585322e+05,-2.970997177308099344e+05
9.100000000000000000e+01,-9.115921822500162525e+05,-2.968969062511817319e+05
9.200000000000000000e+01,-9.118318867867516819e+05,-2.963402464339074213e+05
9.300000000000000000e+01,-9.124103383794403635e+05,-2.954321377574144281e+05
9.400000000000000000e+01,-9.133131307789281709e+05,-2.941747152182579739e+05
9.500000000000000000e+01,-9.145375027203240898e+05,-2.925692812108119251e+05
9.600000000000001421e+01,-9.161902381057068706e+05,-2.906156847773094196e+05
9.700000000000000000e+01,-9.182021646747533232e+05,-2.883144250271936180e+05
9.800000000000000000e+01,-9.204461426664786413e+05,-2.856661551624732674e+05
9.900000000000000000e+01,-9.230207111194112804e+05,-2.826701455540288589e+05
1.000000000000000000e+02,-9.258883660987385083e+05,-2.793271132769397809e+05
1.010000000000000000e+02,-9.288574904781345977e+05,-2.756397081849679234e+05
1.020000000000000000e+02,-9.319793260969473049e+05,-2.716101272421595640e+05
1.030000000000000000e+02,-9.354272846886430634e+05,-2.672410987766317558e+05
1.040000000000000000e+02,-9.389905297971632099e+05,-2.625393289437638014e+05
1.050000000000000142e+02,-9.425021177697569365e+05,-2.575125228198729455e+05
1.060000000000000000e+02,-9.462841009725643089e+05,-2.521661731453159300e+05
1.070000000000000000e+02,-9.504579409292347264e+05,-2.465079004035435792e+05
1.080000000000000000e+02,-9.548099818190638907e+05,-2.405480138800773711e+05
1.090000000000000000e+02,-9.592753684820333729e+05,-2.342959141396766936e+05
1.100000000000000000e+02,-9.642959258449135814e+05,-2.277573925587757840e+05
1.110000000000000000e+02,-9.697184201710548950e+05,-2.209418402353765268e+05
1.120000000000000000e+02,-9.752306536254080711e+05,-2.138592149133798375e+05
1.130000000000000000e+02,-9.811449075839397265e+05,-2.065147863243999891e+05
1.140000000000000142e+02,-9.875405522157215746e+05,-1.989150331210197473e+05
1.150000000000000000e+02,-9.940129001125572249e+05,-1.910695440379659703e+05
1.160000000000000142e+02,-1.000473164649215294e+06,-1.829858952609141998e+05
1.170000000000000000e+02,-1.007357039213731186e+06,-1.746685194970436860e+05
1.180000000000000142e+02,-1.014269665680411272e+06,-1.661280710105853796e+05
1.190000000000000000e+02,-1.020871690591026330e+06,-1.573756445039300597e+05
1.199999999999999858e+02,-1.027706256562363356e+06,-1.484173053256765998e+05
1.210000000000000000e+02,-1.034728936438397039e+06,-1.392639830258318107e+05
1.220000000000000000e+02,-1.041524810894991038e+06,-1.299299148085434717e+05
1.230000000000000142e+02,-1.048171841637992533e+06,-1.204266602820264088e+05
1.240000000000000000e+02,-1.055274330279122107e+06,-1.107626494469633180e+05
1.250000000000000142e+02,-1.062624852548011346e+06,-1.009519416239532002e+05
1.260000000000000000e+02,-1.069817107851595152e+06,-9.100986691506610077e+04
1.270000000000000142e+02,-1.077344460012665484e+06,-8.094544260757739539e+04
1.280000000000000000e+02,-1.085510253012071364e+06,-7.076858481883916829e+04
1.290000000000000000e+02,-1.093874336918161949e+06,-6.049379095879594388e+04
1.300000000000000000e+02,-1.102162850198502885e+06,-5.013405454213020130e+04
1.310000000000000000e+02,-1.111059449960510712e+06,-3.969564879613137600e+04
1.320000000000000000e+02,-1.120225211996560683e+06,-2.919161440881808085e+04
1.330000000000000000e+02,-1.129158475430669729e+06,-1.863615798262594762e+04
1.340000000000000000e+02,-1.138283108318746090e+06,-8.037510084495621413e+03
1.350000000000000000e+02,-1.147615519662651001e+06,2.592949896799759699e+03
1.360000000000000000e+02,-1.156603558160818415e+06,1.323950794129607675e+04
1.370000000000000000e+02,-1.165267535761936801e+06,2.388975902478111311e+04
1.380000000000000000e+02,-1.174078480901023606e+06,3.453382117501839821e+04
1.390000000000000000e+02,-1.182647337920458522e+06,4.515561097905727365e+04
1.400000000000000000e+02,-1.190623252350623021e+06,5.573903870168841968e+04
1.410000000000000000e+02,-1.198717717080812436e+06,6.627508184586119023e+04
1.420000000000000000e+02,-1.206923806775232311e+06,7.674998820127012732e+04
1.430000000000000000e+02,-1.214792103599517373e+06,8.714730716140961158e+04
1.440000000000000000e+02,-1.222416937911685789e+06,9.745466731950256508e+04
1.450000000000000000e+02,-1.230457236250262009e+06,1.076640071512918657e+05
1.460000000000000000e+02,-1.238661327924645040e+06,1.177616795606292289e+05
1.470000000000000000e+02,-1.246600574699447025e+06,1.277333663480124378e+05
1.480000000000000000e+02,-1.254675152240552474e+06,1.375707744963707810e+05
1.490000000000000000e+02,-1.263117829953388311e+06,1.472648204012973583e+05
1.500000000000000000e+02,-1.271426880570562789e+06,1.568016815509281878e+05
1.510000000000000000e+02,-1.279479487264974974e+06,1.661701560541869258e+05
1.520000000000000000e+02,-1.287776724891599035e+06,1.753631911949202477e+05
1.530000000000000000e+02,-1.295947481232720893e+06,1.843677219776320271e+05
1.540000000000000000e+02,-1.303588698642757023e+06,1.931702733012436947e+05
1.550000000000000000e+02,-1.311215150518459035e+06,2.017633433183341112e+05
1.560000000000000000e+02,-1.318732832055433420e+06,2.101351632811256568e+05
1.570000000000000000e+02,-1.325749508281136397e+06,2.182718624976052088e+05
1.580000000000000000e+02,-1.332373660076669650e+06,2.261629523914545134e+05
1.590000000000000000e+02,-1.339023757602505619e+06,2.338001708520934044e+05
1.600000000000000000e+02,-1.345402438210209599e+06,2.411707156467352761e+05
1.610000000000000000e+02,-1.351290295234342571e+06,2.482627231422351324e+05
1.620000000000000000e+02,-1.357136073880882934e+06,2.550693641453252058e+05
1.630000000000000000e+02,-1.363052015086477157e+06,2.615821837272459234e+05
1.640000000000000000e+02,-1.368741694070035126e+06,2.677906887783639249e+05
1.650000000000000000e+02,-1.374079633490265580e+06,2.736862892533320701e+05
1.660000000000000000e+02,-1.379501285057393136e+06,2.792649276924286387e+05
1.670000000000000000e+02,-1.384831365178290522e+06,2.845191626560203149e+05
1.680000000000000000e+02,-1.389818908421785804e+06,2.894417068139421172e+05
1.690000000000000000e+02,-1.394679569180446910e+06,2.940289859280060045e+05
1.700000000000000000e+02,-1.399433665295480518e+06,2.982765714138029725e+05
1.710000000000000000e+02,-1.403853527829864761e+06,3.021787017967408756e+05
1.720000000000000000e+02,-1.407920896078385413e+06,3.057312353990427800e+05
1.730000000000000000e+02,-1.411804903169578407e+06,3.089313860385667649e+05
1.740000000000000000e+02,-1.415361676066157874e+06,3.117742603277395247e+05
1.750000000000000000e+02,-1.418507727189487778e+06,3.142553085395181552e+05
1.760000000000000000e+02,-1.421367132248151815e+06,3.163712942954404862e+05
1.770000000000000000e+02,-1.423946389668462798e+06,3.181181325257255812e+05
1.780000000000000000e+02,-1.426188407298480626e+06,3.194913282050722628e+05
1.790000000000000000e+02,-1.428029719526399858e+06,3.204864826256161905e+05
1.800000000000000000e+02,-1.429657391867186408e+06,3.211011810833835043e+05
1.810000000000000000e+02,-1.431082864160146331e+06,3.213323072243595961e+05
1.820000000000000000e+02,-1.432294488116001943e+06,3.211772593248112826e+05
1.830000000000000000e+02,-1.433169218002323527e+06,3.206335330109493225e+05
1.840000000000000000e+02,-1.433825292848125333e+06,3.197012399838629644e+05
1.850000000000000000e+02,-1.434294834746554261e+06,3.183809996619499288e+05
1.860000000000000000e+02,-1.434457375919147860e+06,3.166735242796404636e+05
1.870000000000000000e+02,-1.434272324200459989e+06,3.145811465548874694e+05
1.880000000000000000e+02,-1.433831334771468304e+06,3.121080666732644895e+05
1.890000000000000000e+02,-1.433190808959868038e+06,3.092590598659887910e+05
1.900000000000000000e+02,-1.432125874071225757e+06,3.060376124679231434e+05
1.910000000000000000e+02,-1.430737344553045463e+06,3.024497783935776679e+05
1.920000000000000284e+02,-1.429191863465074450e+06,2.985022063623574795e+05
1.930000000000000000e+02,-1.427305674774278421e+06,2.941991457084607682e+05
1.940000000000000000e+02,-1.425082998101744801e+06,2.895459314479263849e+05
1.950000000000000000e+02,-1.422812707227731356e+06,2.845495677454967517e+05
1.960000000000000000e+02,-1.420247686426570639e+06,2.792132172947801882e+05
1.970000000000000000e+02,-1.417401576324291993e+06,2.735416559067787603e+05
1.980000000000000000e+02,-1.414278647181968670e+06,2.675396145816016942e+05
1.990000000000000000e+02,-1.411107875643103383e+06,2.612135637420469138e+05
2.000000000000000000e+02,-1.407691922040020349e+06,2.545675625502631301e+05
2.010000000000000284e+02,-1.403885264178037643e+06,2.476067011603724386e+05
2.020000000000000000e+02,-1.399929061541951727e+06,2.403395427562992845e+05
2.030000000000000000e+02,-1.395947167941320222e+06,2.327748590340040682e+05
2.040000000000000000e+02,-1.391525766637963010e+06,2.249188509040563658e+05
2.050000000000000000e+02,-1.386702328400825616e+06,2.167817700359153678e+05
2.060000000000000000e+02,-1.381847891625494231e+06,2.083770106215267442e+05
2.070000000000000000e+02,-1.376743902115677949e+06,1.997147130936936301e+05
2.080000000000000000e+02,-1.371076856090103043e+06,1.908048665737300471e+05
2.090000000000000000e+02,-1.365270127288878430e+06,1.816626653504988935e+05
2.100000000000000284e+02,-1.359514950391656486e+06,1.723017595214970061e+05
2.110000000000000000e+02,-1.353366124941320159e+06,1.627313498360941885e+05
2.120000000000000000e+02,-1.347083339439248433e+06,1.529650972127188870e+05
2.130000000000000000e+02,-1.340729513779990375e+06,1.430150142818823224e+05
2.140000000000000000e+02,-1.334496459324456519e+06,1.328936987913789053e+05
2.150000000000000000e+02,-1.327905067599634640e+06,1.226090644391575188e+05
2.160000000000000000e+02,-1.321330047433517408e+06,1.121747715138169879e+05
2.170000000000000000e+02,-1.315090216021657689e+06,1.016043004083236592e+05
2.180000000000000000e+02,-1.308567153654108988e+06,9.090521481184077857e+04
2.190000000000000284e+02,-1.301705953399332939e+06,8.008942759649829532e+04
2.200000000000000000e+02,-1.295003395298925694e+06,6.917323101162585954e+04
2.210000000000000000e+02,-1.288409171297034947e+06,5.816993903430090722e+04
2.220000000000000000e+02,-1.281242671338892542e+06,4.708928638012520969e+04
2.230000000000000000e+02,-1.273887960624122526e+06,3.594872142405663908e+04
2.240000000000000000e+02,-1.266717982816011645e+06,2.476599013407566963e+04
2.250000000000000000e+02,-1.259167588076772634e+06,1.355268466342841202e+04
2.260000000000000000e+02,-1.251238366653403500e+06,2.324150362582852267e+03
2.270000000000000000e+02,-1.243477641811181093e+06,-8.900857499929961705e+03
2.280000000000000284e+02,-1.235774332314669387e+06,-2.010843488070782041e+04
2.290000000000000000e+02,-1.227698699307085248e+06,-3.128733431052248488e+04
2.300000000000000000e+02,-1.219795643891761079e+06,-4.242027806660050555e+04
2.309999999999999716e+02,-1.212244368168965681e+06,-5.349292424089615088e+04
2.320000000000000284e+02,-1.204490252077797195e+06,-6.449622739958191232e+04
2.330000000000000000e+02,-1.197016754928530194e+06,-7.541435391748364782e+04
2.340000000000000000e+02,-1.189917927794916322e+06,-8.623411573765150388e+04
2.350000000000000000e+02,-1.182783167168450775e+06,-9.694558439381216886e+04
2.360000000000000284e+02,-1.175924662137878360e+06,-1.075337063643862784e+05
2.370000000000000284e+02,-1.169218365542075830e+06,-1.179860397548480541e+05
2.380000000000000000e+02,-1.162816604952994036e+06,-1.282879639692911005e+05
2.390000000000000000e+02,-1.156397014269116335e+06,-1.384278124439851381e+05
2.399999999999999716e+02,-1.149824662419029977e+06,-1.483925558677619847e+05
2.410000000000000284e+02,-1.143550656657050131e+06,-1.581653028436671302e+05
2.420000000000000000e+02,-1.137462426203543786e+06,-1.677332405398436240e+05
2.430000000000000000e+02,-1.131037233045128174e+06,-1.770867947621479980e+05
2.440000000000000000e+02,-1.124658885400356259e+06,-1.862109253165156406e+05
2.450000000000000284e+02,-1.118726384460595436e+06,-1.950912260167805653e+05
2.460000000000000284e+02,-1.112692236367723672e+06,-2.037204277958553284e+05
2.470000000000000000e+02,-1.106662729475178057e+06,-2.120875848747394921e+05
2.480000000000000000e+02,-1.101062579323878512e+06,-2.201802235805211822e+05
2.489999999999999716e+02,-1.095672264541393379e+06,-2.279906655061685306e+05
2.500000000000000284e+02,-1.090281736388442572e+06,-2.355114483995901828e+05
2.510000000000000000e+02,-1.085259210910019232e+06,-2.427313241546151403e+05
2.520000000000000000e+02,-1.080721215575598180e+06,-2.496407050267908198e+05
2.530000000000000000e+02,-1.076202928488641046e+06,-2.562338000369407528e+05
2.540000000000000284e+02,-1.071857904543866869e+06,-2.625005308278255397e+05
2.550000000000000284e+02,-1.067952156412130455e+06,-2.684300061944288318e+05
2.560000000000000000e+02,-1.064321497073504375e+06,-2.740143164491811767e+05
2.570000000000000000e+02,-1.060693623584299814e+06,-2.792465633629263029e+05
2.580000000000000000e+02,-1.057283897209573770e+06,-2.841170785602105316e+05
2.590000000000000000e+02,-1.054084959059471730e+06,-2.886184335176259046e+05
2.600000000000000000e+02,-1.051207757770742988e+06,-2.927433418789223651e+05
2.610000000000000000e+02,-1.048503254250813508e+06,-2.964873445005576941e+05
2.620000000000000000e+02,-1.046025038128259592e+06,-2.998457554822269594e+05
2.630000000000000000e+02,-1.043925839877242921e+06,-3.028143293967156205e+05
2.640000000000000000e+02,-1.041949205045112758e+06,-3.053925663826394593e+05
2.650000000000000000e+02,-1.040278859195248806e+06,-3.075778061818112037e+05
2.660000000000000000e+02,-1.039041074979840545e+06,-3.093683397365214187e+05
2.670000000000000000e+02,-1.038116550800689496e+06,-3.107644203622756177e+05
2.680000000000000000e+02,-1.037494004018565058e+06,-3.117656459695541998e+05
2.690000000000000000e+02,-1.037204539741415181e+06,-3.123712127595834318e+05
2.700000000000000000e+02,-1.037233858443893492e+06,-3.125803944571587490e+05
2.710000000000000000e+02,-1.037537937585085281e+06,-3.123924182369357441e+05
2.720000000000000000e+02,-1.038081686157378484e+06,-3.118062837460999726e+05
2.730000000000000000e+02,-1.038879052097298321e+06,-3.108206616884724353e+05
2.740000000000000000e+02,-1.039971695677673561e+06,-3.094342748654677998e+05
2.750000000000000000e+02,-1.041252083816563012e+06,-3.076473655408531777e+05
2.760000000000000000e+02,-1.042622095096279052e+06,-3.054609084261055687e+05
2.770000000000000000e+02,-1.044232351083700312e+06,-3.028752478715244797e+05
2.780000000000000000e+02,-1.046175890694235452e+06,-2.998923427970632911e+05
2.790000000000000000e+02,-1.048345633590730722e+06,-2.965168200304525089e+05
2.800000000000000000e+02,-1.050685533441730076e+06,-2.927542757327480940e+05
2.810000000000000000e+02,-1.053457378254434559e+06,-2.886093695372737711e+05
2.820000000000000000e+02,-1.056601722396042431e+06,-2.840899270393156912e+05
2.830000000000000000e+02,-1.059915964501434239e+06,-2.792054782177139423e+05
2.840000000000000000e+02,-1.063586408533838578e+06,-2.739633818831839017e+05
2.850000000000000000e+02,-1.067728254773099441e+06,-2.683716324913400458e+05
2.860000000000000000e+02,-1.072054871633194387e+06,-2.624408374381194008e+05
2.870000000000000000e+02,-1.076509430015621707e+06,-2.561797875647488399e+05
2.880000000000000000e+02,-1.081376439065558137e+06,-2.495946192010232480e+05
2.890000000000000000e+02,-1.086324527251694119e+06,-2.426952688486601401e+05
2.900000000000000000e+02,-1.091240328165651998e+06,-2.354899669907276984e+05
2.910000000000000000e+02,-1.096432867761475965e+06,-2.279840461590980412e+05
2.920000000000000000e+02,-1.101737802531359484e+06,-2.201862040348536975e+05
2.930000000000000000e+02,-1.107098456470661564e+06,-2.121048438384615583e+05
2.940000000000000000e+02,-1.112419084226108389e+06,-2.037492953273424064e+05
2.950000000000000000e+02,-1.118011531980696134e+06,-1.951269921589184087e+05
2.960000000000000000e+02,-1.123867507964851800e+06,-1.862484793231440126e+05
2.970000000000000000e+02,-1.129621322232847335e+06,-1.771276847074300458e+05
2.980000000000000000e+02,-1.135524811229103943e+06,-1.677752874322569987e+05
2.990000000000000000e+02,-1.141951042189182248e+06,-1.582019081762803544e+05
3.000000000000000000e+02,-1.148551494530987926e+06,-1.484235725212545658e+05
3.010000000000000000e+02,-1.155027825662837829e+06,-1.384562764025394572e+05
3.020000000000000000e+02,-1.162055132150904275e+06,-1.283095333968554769e+05
3.030000000000000000e+02,-1.169412642179156188e+06,-1.179987505521771382e+05
3.040000000000000000e+02,-1.176619331001402577e+06,-1.075408031158655067e+05
3.050000000000000000e+02,-1.183950420411473373e+06,-9.694712138064998726e+04
3.060000000000000000e+02,-1.191668874907159247e+06,-8.622887335761058785e+04
3.070000000000000000e+02,-1.199263122216968099e+06,-7.540218113361681753e+04
3.080000000000000000e+02,-1.206465018918069312e+06,-6.448141367175773485e+04
3.090000000000000000e+02,-1.214043074855784653e+06,-5.347402560198073479e+04
3.100000000000000000e+02,-1.221634445687768050e+06,-4.239533036729409650e+04
3.110000000000000000e+02,-1.228742644067828311e+06,-3.126193904301483417e+04
3.120000000000000000e+02,-1.235737743015528889e+06,-2.008512920492130434e+04
3.130000000000000000e+02,-1.243088158963435097e+06,-8.876044986681481532e+03
3.140000000000000000e+02,-1.250321259773608530e+06,2.347356718999491477e+03
3.150000000000000000e+02,-1.257131637083837297e+06,1.356789006775602502e+04
3.160000000000000000e+02,-1.264267446980929468e+06,2.477528964797067238e+04
3.170000000000000000e+02,-1.271641629737305455e+06,3.595371619251312222e+04
3.180000000000000000e+02,-1.278762776185191935e+06,4.708487951308737684e+04
3.190000000000000000e+02,-1.285901746194745647e+06,5.815608659237065876e+04
3.200000000000000000e+02,-1.293427776493840385e+06,6.915591420071931498e+04
3.210000000000000000e+02,-1.300881382440509507e+06,8.006803461340814829e+04
3.220000000000000000e+02,-1.308006108444902580e+06,9.087814066444717173e+04
3.230000000000000000e+02,-1.315408521608977579e+06,1.015782864179825701e+05
3.240000000000000000e+02,-1.322747846176125575e+06,1.121545335635079100e+05
3.250000000000000000e+02,-1.329572316528832307e+06,1.225923702544290281e+05
3.260000000000000000e+02,-1.336446758101120591e+06,1.328840807695538388e+05
3.270000000000000000e+02,-1.343148336304306984e+06,1.430164074389286980e+05
3.280000000000000000e+02,-1.349312837157169357e+06,1.529747637516811665e+05
3.290000000000000000e+02,-1.355381760731844697e+06,1.627495543493292644e+05
3.300000000000000000e+02,-1.361085894610921387e+06,1.723260096572992334e+05
3.310000000000000000e+02,-1.366542879626908805e+06,1.816917101380594831e+05
3.320000000000000000e+02,-1.371624926224298542e+06,1.908325493693731551e+05
3.330000000000000000e+02,-1.376373931781179970e+06,1.997358023790997686e+05
3.340000000000000000e+02,-1.381220393871947192e+06,2.083918936999473663e+05
3.350000000000000000e+02,-1.385892482752332930e+06,2.167873301454400062e+05
3.360000000000000000e+02,-1.390083840404259274e+06,2.249094135331982689e+05
3.370000000000000000e+02,-1.394387150717013981e+06,2.327526533030098653e+05
3.380000000000000000e+02,-1.398762454801479820e+06,2.403084773821332783e+05
3.390000000000000000e+02,-1.402819438619058579e+06,2.475670378555436619e+05
3.400000000000000000e+02,-1.406613811329983408e+06,2.545223728195533040e+05
3.410000000000000000e+02,-1.410475439611936454e+06,2.611709726596054388e+05
3.420000000000000000e+02,-1.414084292441045633e+06,2.675052420589764370e+05
3.430000000000000000e+02,-1.417292774094482418e+06,2.735187188770134817e+05
3.440000000000000000e+02,-1.420442560116797686e+06,2.792079383347094408e+05
3.450000000000000000e+02,-1.423362867823438486e+06,2.845655098765220609e+05
3.460000000000000000e+02,-1.425791671400228515e+06,2.895828877664757892e+05
3.470000000000000000e+02,-1.427910955875353189e+06,2.942540392681208323e+05
3.480000000000000000e+02,-1.429854317524303449e+06,2.985723221242264844e+05
3.490000000000000000e+02,-1.431420050391535042e+06,3.025288496952517307e+05
3.500000000000000000e+02,-1.432513877102926141e+06,3.061158351757789496e+05
3.510000000000000000e+02,-1.433445519269051496e+06,3.093289732490267488e+05
3.520000000000000000e+02,-1.434175954737225315e+06,3.121627292581311194e+05
3.530000000000000000e+02,-1.434578901877855184e+06,3.146123764508700697e+05
3.540000000000000000e+02,-1.434628669781629695e+06,3.166754202658298309e+05
3.550000000000000000e+02,-1.434491017960510217e+06,3.183522283866665093e+05
3.560000000000000000e+02,-1.434093447723221499e+06,3.196430101011747029e+05
3.570000000000000000e+02,-1.433393885861129267e+06,3.205493635553514468e+05
3.580000000000000000e+02,-1.432459101026253542e+06,3.210744419886366231e+05
3.590000000000000000e+02,-1.431256368668063078e+06,3.212211359853250324e+05
