# erforderliches E_min [MPa] fuer max|u| am Tunnelrand <= 10 mm (PINN, Modell results/geo_15k_w05/geo_15k_w05_model.pt)
# 50 = keine Anforderung im trainierten Bereich (jeder Boden ab 50 MPa reicht); leer = auch 500 MPa reicht nicht
gamma_kNm3,phi_deg,t_m,depth_m,E_min_MPa
18,25,0.2,10,50
18,25,0.2,11,50
18,25,0.2,12,50
18,25,0.2,13,50
18,25,0.2,14,50
18,25,0.2,15,50
18,25,0.2,16,51
18,25,0.2,17,52
18,25,0.2,18,53
18,25,0.2,19,54
18,25,0.2,20,55
18,25,0.2,21,56
18,25,0.2,22,57
18,25,0.2,23,58
18,25,0.2,24,59
18,25,0.2,25,60
18,25,0.2,26,61
18,25,0.2,27,62
18,25,0.2,28,63
18,25,0.2,29,64
18,25,0.2,30,65
18,25,0.2,31,66
18,25,0.2,32,67
18,25,0.2,33,68
18,25,0.2,34,68
18,25,0.2,35,69
18,25,0.3,10,50
18,25,0.3,11,50
18,25,0.3,12,50
18,25,0.3,13,50
18,25,0.3,14,50
18,25,0.3,15,50
18,25,0.3,16,50
18,25,0.3,17,50
18,25,0.3,18,50
18,25,0.3,19,50
18,25,0.3,20,50
18,25,0.3,21,50
18,25,0.3,22,50
18,25,0.3,23,50
18,25,0.3,24,50
18,25,0.3,25,50
18,25,0.3,26,50
18,25,0.3,27,50
18,25,0.3,28,50
18,25,0.3,29,50
18,25,0.3,30,50
18,25,0.3,31,50
18,25,0.3,32,50
18,25,0.3,33,50
18,25,0.3,34,50
18,25,0.3,35,50
18,25,0.4,10,50
18,25,0.4,11,50
18,25,0.4,12,50
18,25,0.4,13,50
18,25,0.4,14,50
18,25,0.4,15,50
18,25,0.4,16,50
18,25,0.4,17,50
18,25,0.4,18,50
18,25,0.4,19,50
18,25,0.4,20,50
18,25,0.4,21,50
18,25,0.4,22,50
18,25,0.4,23,50
18,25,0.4,24,50
18,25,0.4,25,50
18,25,0.4,26,50
18,25,0.4,27,50
18,25,0.4,28,50
18,25,0.4,29,50
18,25,0.4,30,50
18,25,0.4,31,50
18,25,0.4,32,50
18,25,0.4,33,50
18,25,0.4,34,50
18,25,0.4,35,50
18,25,0.5,10,50
18,25,0.5,11,50
18,25,0.5,12,50
18,25,0.5,13,50
18,25,0.5,14,50
18,25,0.5,15,50
18,25,0.5,16,50
18,25,0.5,17,50
18,25,0.5,18,50
18,25,0.5,19,50
18,25,0.5,20,50
18,25,0.5,21,50
18,25,0.5,22,50
18,25,0.5,23,50
18,25,0.5,24,50
18,25,0.5,25,50
18,25,0.5,26,50
18,25,0.5,27,50
18,25,0.5,28,50
18,25,0.5,29,50
18,25,0.5,30,50
18,25,0.5,31,50
18,25,0.5,32,50
18,25,0.5,33,50
18,25,0.5,34,50
18,25,0.5,35,50
18,27.5,0.2,10,50
18,27.5,0.2,11,50
18,27.5,0.2,12,50
18,27.5,0.2,13,50
18,27.5,0.2,14,51
18,27.5,0.2,15,52
18,27.5,0.2,16,53
18,27.5,0.2,17,54
18,27.5,0.2,18,55
18,27.5,0.2,19,57
18,27.5,0.2,20,58
18,27.5,0.2,21,59
18,27.5,0.2,22,60
18,27.5,0.2,23,61
18,27.5,0.2,24,63
18,27.5,0.2,25,64
18,27.5,0.2,26,65
18,27.5,0.2,27,66
18,27.5,0.2,28,67
18,27.5,0.2,29,68
18,27.5,0.2,30,69
18,27.5,0.2,31,70
18,27.5,0.2,32,71
18,27.5,0.2,33,72
18,27.5,0.2,34,73
18,27.5,0.2,35,74
18,27.5,0.3,10,50
18,27.5,0.3,11,50
18,27.5,0.3,12,50
18,27.5,0.3,13,50
18,27.5,0.3,14,50
18,27.5,0.3,15,50
18,27.5,0.3,16,50
18,27.5,0.3,17,50
18,27.5,0.3,18,50
18,27.5,0.3,19,50
18,27.5,0.3,20,50
18,27.5,0.3,21,50
18,27.5,0.3,22,50
18,27.5,0.3,23,50
18,27.5,0.3,24,50
18,27.5,0.3,25,50
18,27.5,0.3,26,50
18,27.5,0.3,27,50
18,27.5,0.3,28,50
18,27.5,0.3,29,50
18,27.5,0.3,30,50
18,27.5,0.3,31,50
18,27.5,0.3,32,50
18,27.5,0.3,33,50
18,27.5,0.3,34,51
18,27.5,0.3,35,51
18,27.5,0.4,10,50
18,27.5,0.4,11,50
18,27.5,0.4,12,50
18,27.5,0.4,13,50
18,27.5,0.4,14,50
18,27.5,0.4,15,50
18,27.5,0.4,16,50
18,27.5,0.4,17,50
18,27.5,0.4,18,50
18,27.5,0.4,19,50
18,27.5,0.4,20,50
18,27.5,0.4,21,50
18,27.5,0.4,22,50
18,27.5,0.4,23,50
18,27.5,0.4,24,50
18,27.5,0.4,25,50
18,27.5,0.4,26,50
18,27.5,0.4,27,50
18,27.5,0.4,28,50
18,27.5,0.4,29,50
18,27.5,0.4,30,50
18,27.5,0.4,31,50
18,27.5,0.4,32,50
18,27.5,0.4,33,50
18,27.5,0.4,34,50
18,27.5,0.4,35,50
18,27.5,0.5,10,50
18,27.5,0.5,11,50
18,27.5,0.5,12,50
18,27.5,0.5,13,50
18,27.5,0.5,14,50
18,27.5,0.5,15,50
18,27.5,0.5,16,50
18,27.5,0.5,17,50
18,27.5,0.5,18,50
18,27.5,0.5,19,50
18,27.5,0.5,20,50
18,27.5,0.5,21,50
18,27.5,0.5,22,50
18,27.5,0.5,23,50
18,27.5,0.5,24,50
18,27.5,0.5,25,50
18,27.5,0.5,26,50
18,27.5,0.5,27,50
18,27.5,0.5,28,50
18,27.5,0.5,29,50
18,27.5,0.5,30,50
18,27.5,0.5,31,50
18,27.5,0.5,32,50
18,27.5,0.5,33,50
18,27.5,0.5,34,50
18,27.5,0.5,35,50
18,30,0.2,10,50
18,30,0.2,11,50
18,30,0.2,12,50
18,30,0.2,13,52
18,30,0.2,14,53
18,30,0.2,15,54
18,30,0.2,16,56
18,30,0.2,17,57
18,30,0.2,18,58
18,30,0.2,19,59
18,30,0.2,20,61
18,30,0.2,21,62
18,30,0.2,22,63
18,30,0.2,23,65
18,30,0.2,24,66
18,30,0.2,25,67
18,30,0.2,26,69
18,30,0.2,27,70
18,30,0.2,28,71
18,30,0.2,29,72
18,30,0.2,30,73
18,30,0.2,31,74
18,30,0.2,32,75
18,30,0.2,33,76
18,30,0.2,34,77
18,30,0.2,35,78
18,30,0.3,10,50
18,30,0.3,11,50
18,30,0.3,12,50
18,30,0.3,13,50
18,30,0.3,14,50
18,30,0.3,15,50
18,30,0.3,16,50
18,30,0.3,17,50
18,30,0.3,18,50
18,30,0.3,19,50
18,30,0.3,20,50
18,30,0.3,21,50
18,30,0.3,22,50
18,30,0.3,23,50
18,30,0.3,24,50
18,30,0.3,25,50
18,30,0.3,26,50
18,30,0.3,27,50
18,30,0.3,28,51
18,30,0.3,29,52
18,30,0.3,30,52
18,30,0.3,31,53
18,30,0.3,32,53
18,30,0.3,33,54
18,30,0.3,34,54
18,30,0.3,35,55
18,30,0.4,10,50
18,30,0.4,11,50
18,30,0.4,12,50
18,30,0.4,13,50
18,30,0.4,14,50
18,30,0.4,15,50
18,30,0.4,16,50
18,30,0.4,17,50
18,30,0.4,18,50
18,30,0.4,19,50
18,30,0.4,20,50
18,30,0.4,21,50
18,30,0.4,22,50
18,30,0.4,23,50
18,30,0.4,24,50
18,30,0.4,25,50
18,30,0.4,26,50
18,30,0.4,27,50
18,30,0.4,28,50
18,30,0.4,29,50
18,30,0.4,30,50
18,30,0.4,31,50
18,30,0.4,32,50
18,30,0.4,33,50
18,30,0.4,34,50
18,30,0.4,35,50
18,30,0.5,10,50
18,30,0.5,11,50
18,30,0.5,12,50
18,30,0.5,13,50
18,30,0.5,14,50
18,30,0.5,15,50
18,30,0.5,16,50
18,30,0.5,17,50
18,30,0.5,18,50
18,30,0.5,19,50
18,30,0.5,20,50
18,30,0.5,21,50
18,30,0.5,22,50
18,30,0.5,23,50
18,30,0.5,24,50
18,30,0.5,25,50
18,30,0.5,26,50
18,30,0.5,27,50
18,30,0.5,28,50
18,30,0.5,29,50
18,30,0.5,30,50
18,30,0.5,31,50
18,30,0.5,32,50
18,30,0.5,33,50
18,30,0.5,34,50
18,30,0.5,35,50
18,32.5,0.2,10,50
18,32.5,0.2,11,51
18,32.5,0.2,12,52
18,32.5,0.2,13,54
18,32.5,0.2,14,55
18,32.5,0.2,15,56
18,32.5,0.2,16,58
18,32.5,0.2,17,59
18,32.5,0.2,18,61
18,32.5,0.2,19,62
18,32.5,0.2,20,64
18,32.5,0.2,21,65
18,32.5,0.2,22,67
18,32.5,0.2,23,68
18,32.5,0.2,24,70
18,32.5,0.2,25,71
18,32.5,0.2,26,72
18,32.5,0.2,27,74
18,32.5,0.2,28,75
18,32.5,0.2,29,76
18,32.5,0.2,30,77
18,32.5,0.2,31,79
18,32.5,0.2,32,80
18,32.5,0.2,33,81
18,32.5,0.2,34,82
18,32.5,0.2,35,83
18,32.5,0.3,10,50
18,32.5,0.3,11,50
18,32.5,0.3,12,50
18,32.5,0.3,13,50
18,32.5,0.3,14,50
18,32.5,0.3,15,50
18,32.5,0.3,16,50
18,32.5,0.3,17,50
18,32.5,0.3,18,50
18,32.5,0.3,19,50
18,32.5,0.3,20,50
18,32.5,0.3,21,50
18,32.5,0.3,22,50
18,32.5,0.3,23,50
18,32.5,0.3,24,51
18,32.5,0.3,25,52
18,32.5,0.3,26,53
18,32.5,0.3,27,53
18,32.5,0.3,28,54
18,32.5,0.3,29,55
18,32.5,0.3,30,56
18,32.5,0.3,31,56
18,32.5,0.3,32,57
18,32.5,0.3,33,57
18,32.5,0.3,34,58
18,32.5,0.3,35,58
18,32.5,0.4,10,50
18,32.5,0.4,11,50
18,32.5,0.4,12,50
18,32.5,0.4,13,50
18,32.5,0.4,14,50
18,32.5,0.4,15,50
18,32.5,0.4,16,50
18,32.5,0.4,17,50
18,32.5,0.4,18,50
18,32.5,0.4,19,50
18,32.5,0.4,20,50
18,32.5,0.4,21,50
18,32.5,0.4,22,50
18,32.5,0.4,23,50
18,32.5,0.4,24,50
18,32.5,0.4,25,50
18,32.5,0.4,26,50
18,32.5,0.4,27,50
18,32.5,0.4,28,50
18,32.5,0.4,29,50
18,32.5,0.4,30,50
18,32.5,0.4,31,50
18,32.5,0.4,32,50
18,32.5,0.4,33,50
18,32.5,0.4,34,50
18,32.5,0.4,35,50
18,32.5,0.5,10,50
18,32.5,0.5,11,50
18,32.5,0.5,12,50
18,32.5,0.5,13,50
18,32.5,0.5,14,50
18,32.5,0.5,15,50
18,32.5,0.5,16,50
18,32.5,0.5,17,50
18,32.5,0.5,18,50
18,32.5,0.5,19,50
18,32.5,0.5,20,50
18,32.5,0.5,21,50
18,32.5,0.5,22,50
18,32.5,0.5,23,50
18,32.5,0.5,24,50
18,32.5,0.5,25,50
18,32.5,0.5,26,50
18,32.5,0.5,27,50
18,32.5,0.5,28,50
18,32.5,0.5,29,50
18,32.5,0.5,30,50
18,32.5,0.5,31,50
18,32.5,0.5,32,50
18,32.5,0.5,33,50
18,32.5,0.5,34,50
18,32.5,0.5,35,50
18,35,0.2,10,51
18,35,0.2,11,53
18,35,0.2,12,54
18,35,0.2,13,56
18,35,0.2,14,57
18,35,0.2,15,59
18,35,0.2,16,60
18,35,0.2,17,62
18,35,0.2,18,64
18,35,0.2,19,65
18,35,0.2,20,67
18,35,0.2,21,68
18,35,0.2,22,70
18,35,0.2,23,71
18,35,0.2,24,73
18,35,0.2,25,74
18,35,0.2,26,76
18,35,0.2,27,77
18,35,0.2,28,79
18,35,0.2,29,80
18,35,0.2,30,81
18,35,0.2,31,83
18,35,0.2,32,84
18,35,0.2,33,85
18,35,0.2,34,86
18,35,0.2,35,87
18,35,0.3,10,50
18,35,0.3,11,50
18,35,0.3,12,50
18,35,0.3,13,50
18,35,0.3,14,50
18,35,0.3,15,50
18,35,0.3,16,50
18,35,0.3,17,50
18,35,0.3,18,50
18,35,0.3,19,50
18,35,0.3,20,50
18,35,0.3,21,51
18,35,0.3,22,52
18,35,0.3,23,53
18,35,0.3,24,54
18,35,0.3,25,55
18,35,0.3,26,56
18,35,0.3,27,57
18,35,0.3,28,57
18,35,0.3,29,58
18,35,0.3,30,59
18,35,0.3,31,60
18,35,0.3,32,60
18,35,0.3,33,61
18,35,0.3,34,62
18,35,0.3,35,62
18,35,0.4,10,50
18,35,0.4,11,50
18,35,0.4,12,50
18,35,0.4,13,50
18,35,0.4,14,50
18,35,0.4,15,50
18,35,0.4,16,50
18,35,0.4,17,50
18,35,0.4,18,50
18,35,0.4,19,50
18,35,0.4,20,50
18,35,0.4,21,50
18,35,0.4,22,50
18,35,0.4,23,50
18,35,0.4,24,50
18,35,0.4,25,50
18,35,0.4,26,50
18,35,0.4,27,50
18,35,0.4,28,50
18,35,0.4,29,50
18,35,0.4,30,50
18,35,0.4,31,50
18,35,0.4,32,50
18,35,0.4,33,50
18,35,0.4,34,50
18,35,0.4,35,50
18,35,0.5,10,50
18,35,0.5,11,50
18,35,0.5,12,50
18,35,0.5,13,50
18,35,0.5,14,50
18,35,0.5,15,50
18,35,0.5,16,50
18,35,0.5,17,50
18,35,0.5,18,50
18,35,0.5,19,50
18,35,0.5,20,50
18,35,0.5,21,50
18,35,0.5,22,50
18,35,0.5,23,50
18,35,0.5,24,50
18,35,0.5,25,50
18,35,0.5,26,50
18,35,0.5,27,50
18,35,0.5,28,50
18,35,0.5,29,50
18,35,0.5,30,50
18,35,0.5,31,50
18,35,0.5,32,50
18,35,0.5,33,50
18,35,0.5,34,50
18,35,0.5,35,50
19,25,0.2,10,50
19,25,0.2,11,50
19,25,0.2,12,51
19,25,0.2,13,52
19,25,0.2,14,53
19,25,0.2,15,54
19,25,0.2,16,55
19,25,0.2,17,56
19,25,0.2,18,57
19,25,0.2,19,58
19,25,0.2,20,59
19,25,0.2,21,60
19,25,0.2,22,61
19,25,0.2,23,62
19,25,0.2,24,63
19,25,0.2,25,64
19,25,0.2,26,65
19,25,0.2,27,66
19,25,0.2,28,67
19,25,0.2,29,68
19,25,0.2,30,69
19,25,0.2,31,70
19,25,0.2,32,71
19,25,0.2,33,72
19,25,0.2,34,73
19,25,0.2,35,74
19,25,0.3,10,50
19,25,0.3,11,50
19,25,0.3,12,50
19,25,0.3,13,50
19,25,0.3,14,50
19,25,0.3,15,50
19,25,0.3,16,50
19,25,0.3,17,50
19,25,0.3,18,50
19,25,0.3,19,50
19,25,0.3,20,50
19,25,0.3,21,50
19,25,0.3,22,50
19,25,0.3,23,50
19,25,0.3,24,50
19,25,0.3,25,50
19,25,0.3,26,50
19,25,0.3,27,50
19,25,0.3,28,50
19,25,0.3,29,50
19,25,0.3,30,50
19,25,0.3,31,51
19,25,0.3,32,51
19,25,0.3,33,51
19,25,0.3,34,52
19,25,0.3,35,52
19,25,0.4,10,50
19,25,0.4,11,50
19,25,0.4,12,50
19,25,0.4,13,50
19,25,0.4,14,50
19,25,0.4,15,50
19,25,0.4,16,50
19,25,0.4,17,50
19,25,0.4,18,50
19,25,0.4,19,50
19,25,0.4,20,50
19,25,0.4,21,50
19,25,0.4,22,50
19,25,0.4,23,50
19,25,0.4,24,50
19,25,0.4,25,50
19,25,0.4,26,50
19,25,0.4,27,50
19,25,0.4,28,50
19,25,0.4,29,50
19,25,0.4,30,50
19,25,0.4,31,50
19,25,0.4,32,50
19,25,0.4,33,50
19,25,0.4,34,50
19,25,0.4,35,50
19,25,0.5,10,50
19,25,0.5,11,50
19,25,0.5,12,50
19,25,0.5,13,50
19,25,0.5,14,50
19,25,0.5,15,50
19,25,0.5,16,50
19,25,0.5,17,50
19,25,0.5,18,50
19,25,0.5,19,50
19,25,0.5,20,50
19,25,0.5,21,50
19,25,0.5,22,50
19,25,0.5,23,50
19,25,0.5,24,50
19,25,0.5,25,50
19,25,0.5,26,50
19,25,0.5,27,50
19,25,0.5,28,50
19,25,0.5,29,50
19,25,0.5,30,50
19,25,0.5,31,50
19,25,0.5,32,50
19,25,0.5,33,50
19,25,0.5,34,50
19,25,0.5,35,50
19,27.5,0.2,10,51
19,27.5,0.2,11,52
19,27.5,0.2,12,53
19,27.5,0.2,13,54
19,27.5,0.2,14,55
19,27.5,0.2,15,56
19,27.5,0.2,16,57
19,27.5,0.2,17,59
19,27.5,0.2,18,60
19,27.5,0.2,19,61
19,27.5,0.2,20,62
19,27.5,0.2,21,63
19,27.5,0.2,22,65
19,27.5,0.2,23,66
19,27.5,0.2,24,67
19,27.5,0.2,25,68
19,27.5,0.2,26,69
19,27.5,0.2,27,70
19,27.5,0.2,28,72
19,27.5,0.2,29,73
19,27.5,0.2,30,74
19,27.5,0.2,31,75
19,27.5,0.2,32,76
19,27.5,0.2,33,77
19,27.5,0.2,34,78
19,27.5,0.2,35,79
19,27.5,0.3,10,50
19,27.5,0.3,11,50
19,27.5,0.3,12,50
19,27.5,0.3,13,50
19,27.5,0.3,14,50
19,27.5,0.3,15,50
19,27.5,0.3,16,50
19,27.5,0.3,17,50
19,27.5,0.3,18,50
19,27.5,0.3,19,50
19,27.5,0.3,20,50
19,27.5,0.3,21,50
19,27.5,0.3,22,50
19,27.5,0.3,23,50
19,27.5,0.3,24,50
19,27.5,0.3,25,51
19,27.5,0.3,26,51
19,27.5,0.3,27,52
19,27.5,0.3,28,52
19,27.5,0.3,29,53
19,27.5,0.3,30,53
19,27.5,0.3,31,54
19,27.5,0.3,32,54
19,27.5,0.3,33,55
19,27.5,0.3,34,55
19,27.5,0.3,35,56
19,27.5,0.4,10,50
19,27.5,0.4,11,50
19,27.5,0.4,12,50
19,27.5,0.4,13,50
19,27.5,0.4,14,50
19,27.5,0.4,15,50
19,27.5,0.4,16,50
19,27.5,0.4,17,50
19,27.5,0.4,18,50
19,27.5,0.4,19,50
19,27.5,0.4,20,50
19,27.5,0.4,21,50
19,27.5,0.4,22,50
19,27.5,0.4,23,50
19,27.5,0.4,24,50
19,27.5,0.4,25,50
19,27.5,0.4,26,50
19,27.5,0.4,27,50
19,27.5,0.4,28,50
19,27.5,0.4,29,50
19,27.5,0.4,30,50
19,27.5,0.4,31,50
19,27.5,0.4,32,50
19,27.5,0.4,33,50
19,27.5,0.4,34,50
19,27.5,0.4,35,50
19,27.5,0.5,10,50
19,27.5,0.5,11,50
19,27.5,0.5,12,50
19,27.5,0.5,13,50
19,27.5,0.5,14,50
19,27.5,0.5,15,50
19,27.5,0.5,16,50
19,27.5,0.5,17,50
19,27.5,0.5,18,50
19,27.5,0.5,19,50
19,27.5,0.5,20,50
19,27.5,0.5,21,50
19,27.5,0.5,22,50
19,27.5,0.5,23,50
19,27.5,0.5,24,50
19,27.5,0.5,25,50
19,27.5,0.5,26,50
19,27.5,0.5,27,50
19,27.5,0.5,28,50
19,27.5,0.5,29,50
19,27.5,0.5,30,50
19,27.5,0.5,31,50
19,27.5,0.5,32,50
19,27.5,0.5,33,50
19,27.5,0.5,34,50
19,27.5,0.5,35,50
19,30,0.2,10,52
19,30,0.2,11,54
19,30,0.2,12,55
19,30,0.2,13,56
19,30,0.2,14,57
19,30,0.2,15,59
19,30,0.2,16,60
19,30,0.2,17,61
19,30,0.2,18,63
19,30,0.2,19,64
19,30,0.2,20,65
19,30,0.2,21,67
19,30,0.2,22,68
19,30,0.2,23,69
19,30,0.2,24,71
19,30,0.2,25,72
19,30,0.2,26,73
19,30,0.2,27,75
19,30,0.2,28,76
19,30,0.2,29,77
19,30,0.2,30,78
19,30,0.2,31,79
19,30,0.2,32,80
19,30,0.2,33,82
19,30,0.2,34,83
19,30,0.2,35,84
19,30,0.3,10,50
19,30,0.3,11,50
19,30,0.3,12,50
19,30,0.3,13,50
19,30,0.3,14,50
19,30,0.3,15,50
19,30,0.3,16,50
19,30,0.3,17,50
19,30,0.3,18,50
19,30,0.3,19,50
19,30,0.3,20,50
19,30,0.3,21,51
19,30,0.3,22,51
19,30,0.3,23,52
19,30,0.3,24,53
19,30,0.3,25,54
19,30,0.3,26,54
19,30,0.3,27,55
19,30,0.3,28,56
19,30,0.3,29,56
19,30,0.3,30,57
19,30,0.3,31,57
19,30,0.3,32,58
19,30,0.3,33,58
19,30,0.3,34,59
19,30,0.3,35,59
19,30,0.4,10,50
19,30,0.4,11,50
19,30,0.4,12,50
19,30,0.4,13,50
19,30,0.4,14,50
19,30,0.4,15,50
19,30,0.4,16,50
19,30,0.4,17,50
19,30,0.4,18,50
19,30,0.4,19,50
19,30,0.4,20,50
19,30,0.4,21,50
19,30,0.4,22,50
19,30,0.4,23,50
19,30,0.4,24,50
19,30,0.4,25,50
19,30,0.4,26,50
19,30,0.4,27,50
19,30,0.4,28,50
19,30,0.4,29,50
19,30,0.4,30,50
19,30,0.4,31,50
19,30,0.4,32,50
19,30,0.4,33,50
19,30,0.4,34,50
19,30,0.4,35,50
19,30,0.5,10,50
19,30,0.5,11,50
19,30,0.5,12,50
19,30,0.5,13,50
19,30,0.5,14,50
19,30,0.5,15,50
19,30,0.5,16,50
19,30,0.5,17,50
19,30,0.5,18,50
19,30,0.5,19,50
19,30,0.5,20,50
19,30,0.5,21,50
19,30,0.5,22,50
19,30,0.5,23,50
19,30,0.5,24,50
19,30,0.5,25,50
19,30,0.5,26,50
19,30,0.5,27,50
19,30,0.5,28,50
19,30,0.5,29,50
19,30,0.5,30,50
19,30,0.5,31,50
19,30,0.5,32,50
19,30,0.5,33,50
19,30,0.5,34,50
19,30,0.5,35,50
19,32.5,0.2,10,54
19,32.5,0.2,11,55
19,32.5,0.2,12,57
19,32.5,0.2,13,58
19,32.5,0.2,14,60
19,32.5,0.2,15,61
19,32.5,0.2,16,62
19,32.5,0.2,17,64
19,32.5,0.2,18,65
19,32.5,0.2,19,67
19,32.5,0.2,20,68
19,32.5,0.2,21,70
19,32.5,0.2,22,71
19,32.5,0.2,23,73
19,32.5,0.2,24,74
19,32.5,0.2,25,76
19,32.5,0.2,26,77
19,32.5,0.2,27,79
19,32.5,0.2,28,80
19,32.5,0.2,29,81
19,32.5,0.2,30,83
19,32.5,0.2,31,84
19,32.5,0.2,32,85
19,32.5,0.2,33,86
19,32.5,0.2,34,87
19,32.5,0.2,35,88
19,32.5,0.3,10,50
19,32.5,0.3,11,50
19,32.5,0.3,12,50
19,32.5,0.3,13,50
19,32.5,0.3,14,50
19,32.5,0.3,15,50
19,32.5,0.3,16,50
19,32.5,0.3,17,50
19,32.5,0.3,18,51
19,32.5,0.3,19,51
19,32.5,0.3,20,52
19,32.5,0.3,21,53
19,32.5,0.3,22,54
19,32.5,0.3,23,55
19,32.5,0.3,24,56
19,32.5,0.3,25,57
19,32.5,0.3,26,57
19,32.5,0.3,27,58
19,32.5,0.3,28,59
19,32.5,0.3,29,60
19,32.5,0.3,30,60
19,32.5,0.3,31,61
19,32.5,0.3,32,62
19,32.5,0.3,33,62
19,32.5,0.3,34,63
19,32.5,0.3,35,63
19,32.5,0.4,10,50
19,32.5,0.4,11,50
19,32.5,0.4,12,50
19,32.5,0.4,13,50
19,32.5,0.4,14,50
19,32.5,0.4,15,50
19,32.5,0.4,16,50
19,32.5,0.4,17,50
19,32.5,0.4,18,50
19,32.5,0.4,19,50
19,32.5,0.4,20,50
19,32.5,0.4,21,50
19,32.5,0.4,22,50
19,32.5,0.4,23,50
19,32.5,0.4,24,50
19,32.5,0.4,25,50
19,32.5,0.4,26,50
19,32.5,0.4,27,50
19,32.5,0.4,28,50
19,32.5,0.4,29,50
19,32.5,0.4,30,50
19,32.5,0.4,31,50
19,32.5,0.4,32,50
19,32.5,0.4,33,50
19,32.5,0.4,34,50
19,32.5,0.4,35,50
19,32.5,0.5,10,50
19,32.5,0.5,11,50
19,32.5,0.5,12,50
19,32.5,0.5,13,50
19,32.5,0.5,14,50
19,32.5,0.5,15,50
19,32.5,0.5,16,50
19,32.5,0.5,17,50
19,32.5,0.5,18,50
19,32.5,0.5,19,50
19,32.5,0.5,20,50
19,32.5,0.5,21,50
19,32.5,0.5,22,50
19,32.5,0.5,23,50
19,32.5,0.5,24,50
19,32.5,0.5,25,50
19,32.5,0.5,26,50
19,32.5,0.5,27,50
19,32.5,0.5,28,50
19,32.5,0.5,29,50
19,32.5,0.5,30,50
19,32.5,0.5,31,50
19,32.5,0.5,32,50
19,32.5,0.5,33,50
19,32.5,0.5,34,50
19,32.5,0.5,35,50
19,35,0.2,10,56
19,35,0.2,11,57
19,35,0.2,12,59
19,35,0.2,13,60
19,35,0.2,14,62
19,35,0.2,15,63
19,35,0.2,16,65
19,35,0.2,17,67
19,35,0.2,18,68
19,35,0.2,19,70
19,35,0.2,20,72
19,35,0.2,21,73
19,35,0.2,22,75
19,35,0.2,23,77
19,35,0.2,24,78
19,35,0.2,25,80
19,35,0.2,26,81
19,35,0.2,27,83
19,35,0.2,28,84
19,35,0.2,29,86
19,35,0.2,30,87
19,35,0.2,31,88
19,35,0.2,32,90
19,35,0.2,33,91
19,35,0.2,34,92
19,35,0.2,35,93
19,35,0.3,10,50
19,35,0.3,11,50
19,35,0.3,12,50
19,35,0.3,13,50
19,35,0.3,14,50
19,35,0.3,15,50
19,35,0.3,16,51
19,35,0.3,17,52
19,35,0.3,18,53
19,35,0.3,19,54
19,35,0.3,20,55
19,35,0.3,21,56
19,35,0.3,22,57
19,35,0.3,23,58
19,35,0.3,24,59
19,35,0.3,25,60
19,35,0.3,26,60
19,35,0.3,27,61
19,35,0.3,28,62
19,35,0.3,29,63
19,35,0.3,30,64
19,35,0.3,31,65
19,35,0.3,32,65
19,35,0.3,33,66
19,35,0.3,34,67
19,35,0.3,35,67
19,35,0.4,10,50
19,35,0.4,11,50
19,35,0.4,12,50
19,35,0.4,13,50
19,35,0.4,14,50
19,35,0.4,15,50
19,35,0.4,16,50
19,35,0.4,17,50
19,35,0.4,18,50
19,35,0.4,19,50
19,35,0.4,20,50
19,35,0.4,21,50
19,35,0.4,22,50
19,35,0.4,23,50
19,35,0.4,24,50
19,35,0.4,25,50
19,35,0.4,26,50
19,35,0.4,27,50
19,35,0.4,28,50
19,35,0.4,29,50
19,35,0.4,30,50
19,35,0.4,31,50
19,35,0.4,32,50
19,35,0.4,33,50
19,35,0.4,34,50
19,35,0.4,35,50
19,35,0.5,10,50
19,35,0.5,11,50
19,35,0.5,12,50
19,35,0.5,13,50
19,35,0.5,14,50
19,35,0.5,15,50
19,35,0.5,16,50
19,35,0.5,17,50
19,35,0.5,18,50
19,35,0.5,19,50
19,35,0.5,20,50
19,35,0.5,21,50
19,35,0.5,22,50
19,35,0.5,23,50
19,35,0.5,24,50
19,35,0.5,25,50
19,35,0.5,26,50
19,35,0.5,27,50
19,35,0.5,28,50
19,35,0.5,29,50
19,35,0.5,30,50
19,35,0.5,31,50
19,35,0.5,32,50
19,35,0.5,33,50
19,35,0.5,34,50
19,35,0.5,35,50
20,25,0.2,10,54
20,25,0.2,11,55
20,25,0.2,12,55
20,25,0.2,13,56
20,25,0.2,14,57
20,25,0.2,15,58
20,25,0.2,16,59
20,25,0.2,17,60
20,25,0.2,18,61
20,25,0.2,19,62
20,25,0.2,20,63
20,25,0.2,21,64
20,25,0.2,22,65
20,25,0.2,23,66
20,25,0.2,24,67
20,25,0.2,25,69
20,25,0.2,26,70
20,25,0.2,27,71
20,25,0.2,28,72
20,25,0.2,29,73
20,25,0.2,30,74
20,25,0.2,31,75
20,25,0.2,32,76
20,25,0.2,33,77
20,25,0.2,34,78
20,25,0.2,35,78
20,25,0.3,10,50
20,25,0.3,11,50
20,25,0.3,12,50
20,25,0.3,13,50
20,25,0.3,14,50
20,25,0.3,15,50
20,25,0.3,16,50
20,25,0.3,17,50
20,25,0.3,18,50
20,25,0.3,19,50
20,25,0.3,20,50
20,25,0.3,21,51
20,25,0.3,22,51
20,25,0.3,23,51
20,25,0.3,24,52
20,25,0.3,25,52
20,25,0.3,26,53
20,25,0.3,27,53
20,25,0.3,28,54
20,25,0.3,29,54
20,25,0.3,30,55
20,25,0.3,31,55
20,25,0.3,32,55
20,25,0.3,33,56
20,25,0.3,34,56
20,25,0.3,35,56
20,25,0.4,10,50
20,25,0.4,11,50
20,25,0.4,12,50
20,25,0.4,13,50
20,25,0.4,14,50
20,25,0.4,15,50
20,25,0.4,16,50
20,25,0.4,17,50
20,25,0.4,18,50
20,25,0.4,19,50
20,25,0.4,20,50
20,25,0.4,21,50
20,25,0.4,22,50
20,25,0.4,23,50
20,25,0.4,24,50
20,25,0.4,25,50
20,25,0.4,26,50
20,25,0.4,27,50
20,25,0.4,28,50
20,25,0.4,29,50
20,25,0.4,30,50
20,25,0.4,31,50
20,25,0.4,32,50
20,25,0.4,33,50
20,25,0.4,34,50
20,25,0.4,35,50
20,25,0.5,10,50
20,25,0.5,11,50
20,25,0.5,12,50
20,25,0.5,13,50
20,25,0.5,14,50
20,25,0.5,15,50
20,25,0.5,16,50
20,25,0.5,17,50
20,25,0.5,18,50
20,25,0.5,19,50
20,25,0.5,20,50
20,25,0.5,21,50
20,25,0.5,22,50
20,25,0.5,23,50
20,25,0.5,24,50
20,25,0.5,25,50
20,25,0.5,26,50
20,25,0.5,27,50
20,25,0.5,28,50
20,25,0.5,29,50
20,25,0.5,30,50
20,25,0.5,31,50
20,25,0.5,32,50
20,25,0.5,33,50
20,25,0.5,34,50
20,25,0.5,35,50
20,27.5,0.2,10,55
20,27.5,0.2,11,56
20,27.5,0.2,12,57
20,27.5,0.2,13,58
20,27.5,0.2,14,59
20,27.5,0.2,15,60
20,27.5,0.2,16,62
20,27.5,0.2,17,63
20,27.5,0.2,18,64
20,27.5,0.2,19,65
20,27.5,0.2,20,66
20,27.5,0.2,21,68
20,27.5,0.2,22,69
20,27.5,0.2,23,70
20,27.5,0.2,24,71
20,27.5,0.2,25,73
20,27.5,0.2,26,74
20,27.5,0.2,27,75
20,27.5,0.2,28,76
20,27.5,0.2,29,77
20,27.5,0.2,30,78
20,27.5,0.2,31,80
20,27.5,0.2,32,81
20,27.5,0.2,33,82
20,27.5,0.2,34,83
20,27.5,0.2,35,84
20,27.5,0.3,10,50
20,27.5,0.3,11,50
20,27.5,0.3,12,50
20,27.5,0.3,13,50
20,27.5,0.3,14,50
20,27.5,0.3,15,50
20,27.5,0.3,16,50
20,27.5,0.3,17,51
20,27.5,0.3,18,51
20,27.5,0.3,19,52
20,27.5,0.3,20,52
20,27.5,0.3,21,53
20,27.5,0.3,22,53
20,27.5,0.3,23,54
20,27.5,0.3,24,55
20,27.5,0.3,25,55
20,27.5,0.3,26,56
20,27.5,0.3,27,56
20,27.5,0.3,28,57
20,27.5,0.3,29,57
20,27.5,0.3,30,58
20,27.5,0.3,31,58
20,27.5,0.3,32,59
20,27.5,0.3,33,59
20,27.5,0.3,34,60
20,27.5,0.3,35,60
20,27.5,0.4,10,50
20,27.5,0.4,11,50
20,27.5,0.4,12,50
20,27.5,0.4,13,50
20,27.5,0.4,14,50
20,27.5,0.4,15,50
20,27.5,0.4,16,50
20,27.5,0.4,17,50
20,27.5,0.4,18,50
20,27.5,0.4,19,50
20,27.5,0.4,20,50
20,27.5,0.4,21,50
20,27.5,0.4,22,50
20,27.5,0.4,23,50
20,27.5,0.4,24,50
20,27.5,0.4,25,50
20,27.5,0.4,26,50
20,27.5,0.4,27,50
20,27.5,0.4,28,50
20,27.5,0.4,29,50
20,27.5,0.4,30,50
20,27.5,0.4,31,50
20,27.5,0.4,32,50
20,27.5,0.4,33,50
20,27.5,0.4,34,50
20,27.5,0.4,35,50
20,27.5,0.5,10,50
20,27.5,0.5,11,50
20,27.5,0.5,12,50
20,27.5,0.5,13,50
20,27.5,0.5,14,50
20,27.5,0.5,15,50
20,27.5,0.5,16,50
20,27.5,0.5,17,50
20,27.5,0.5,18,50
20,27.5,0.5,19,50
20,27.5,0.5,20,50
20,27.5,0.5,21,50
20,27.5,0.5,22,50
20,27.5,0.5,23,50
20,27.5,0.5,24,50
20,27.5,0.5,25,50
20,27.5,0.5,26,50
20,27.5,0.5,27,50
20,27.5,0.5,28,50
20,27.5,0.5,29,50
20,27.5,0.5,30,50
20,27.5,0.5,31,50
20,27.5,0.5,32,50
20,27.5,0.5,33,50
20,27.5,0.5,34,50
20,27.5,0.5,35,50
20,30,0.2,10,57
20,30,0.2,11,58
20,30,0.2,12,59
20,30,0.2,13,60
20,30,0.2,14,62
20,30,0.2,15,63
20,30,0.2,16,64
20,30,0.2,17,66
20,30,0.2,18,67
20,30,0.2,19,68
20,30,0.2,20,70
20,30,0.2,21,71
20,30,0.2,22,72
20,30,0.2,23,74
20,30,0.2,24,75
20,30,0.2,25,77
20,30,0.2,26,78
20,30,0.2,27,79
20,30,0.2,28,81
20,30,0.2,29,82
20,30,0.2,30,83
20,30,0.2,31,84
20,30,0.2,32,86
20,30,0.2,33,87
20,30,0.2,34,88
20,30,0.2,35,89
20,30,0.3,10,50
20,30,0.3,11,50
20,30,0.3,12,50
20,30,0.3,13,50
20,30,0.3,14,50
20,30,0.3,15,51
20,30,0.3,16,52
20,30,0.3,17,52
20,30,0.3,18,53
20,30,0.3,19,54
20,30,0.3,20,54
20,30,0.3,21,55
20,30,0.3,22,56
20,30,0.3,23,57
20,30,0.3,24,57
20,30,0.3,25,58
20,30,0.3,26,59
20,30,0.3,27,59
20,30,0.3,28,60
20,30,0.3,29,61
20,30,0.3,30,61
20,30,0.3,31,62
20,30,0.3,32,63
20,30,0.3,33,63
20,30,0.3,34,64
20,30,0.3,35,64
20,30,0.4,10,50
20,30,0.4,11,50
20,30,0.4,12,50
20,30,0.4,13,50
20,30,0.4,14,50
20,30,0.4,15,50
20,30,0.4,16,50
20,30,0.4,17,50
20,30,0.4,18,50
20,30,0.4,19,50
20,30,0.4,20,50
20,30,0.4,21,50
20,30,0.4,22,50
20,30,0.4,23,50
20,30,0.4,24,50
20,30,0.4,25,50
20,30,0.4,26,50
20,30,0.4,27,50
20,30,0.4,28,50
20,30,0.4,29,50
20,30,0.4,30,50
20,30,0.4,31,50
20,30,0.4,32,50
20,30,0.4,33,50
20,30,0.4,34,50
20,30,0.4,35,50
20,30,0.5,10,50
20,30,0.5,11,50
20,30,0.5,12,50
20,30,0.5,13,50
20,30,0.5,14,50
20,30,0.5,15,50
20,30,0.5,16,50
20,30,0.5,17,50
20,30,0.5,18,50
20,30,0.5,19,50
20,30,0.5,20,50
20,30,0.5,21,50
20,30,0.5,22,50
20,30,0.5,23,50
20,30,0.5,24,50
20,30,0.5,25,50
20,30,0.5,26,50
20,30,0.5,27,50
20,30,0.5,28,50
20,30,0.5,29,50
20,30,0.5,30,50
20,30,0.5,31,50
20,30,0.5,32,50
20,30,0.5,33,50
20,30,0.5,34,50
20,30,0.5,35,50
20,32.5,0.2,10,58
20,32.5,0.2,11,60
20,32.5,0.2,12,61
20,32.5,0.2,13,63
20,32.5,0.2,14,64
20,32.5,0.2,15,65
20,32.5,0.2,16,67
20,32.5,0.2,17,68
20,32.5,0.2,18,70
20,32.5,0.2,19,72
20,32.5,0.2,20,73
20,32.5,0.2,21,75
20,32.5,0.2,22,76
20,32.5,0.2,23,78
20,32.5,0.2,24,79
20,32.5,0.2,25,81
20,32.5,0.2,26,82
20,32.5,0.2,27,84
20,32.5,0.2,28,85
20,32.5,0.2,29,87
20,32.5,0.2,30,88
20,32.5,0.2,31,89
20,32.5,0.2,32,91
20,32.5,0.2,33,92
20,32.5,0.2,34,93
20,32.5,0.2,35,94
20,32.5,0.3,10,50
20,32.5,0.3,11,50
20,32.5,0.3,12,50
20,32.5,0.3,13,51
20,32.5,0.3,14,52
20,32.5,0.3,15,53
20,32.5,0.3,16,53
20,32.5,0.3,17,54
20,32.5,0.3,18,55
20,32.5,0.3,19,56
20,32.5,0.3,20,57
20,32.5,0.3,21,58
20,32.5,0.3,22,59
20,32.5,0.3,23,59
20,32.5,0.3,24,60
20,32.5,0.3,25,61
20,32.5,0.3,26,62
20,32.5,0.3,27,63
20,32.5,0.3,28,64
20,32.5,0.3,29,64
20,32.5,0.3,30,65
20,32.5,0.3,31,66
20,32.5,0.3,32,67
20,32.5,0.3,33,67
20,32.5,0.3,34,68
20,32.5,0.3,35,68
20,32.5,0.4,10,50
20,32.5,0.4,11,50
20,32.5,0.4,12,50
20,32.5,0.4,13,50
20,32.5,0.4,14,50
20,32.5,0.4,15,50
20,32.5,0.4,16,50
20,32.5,0.4,17,50
20,32.5,0.4,18,50
20,32.5,0.4,19,50
20,32.5,0.4,20,50
20,32.5,0.4,21,50
20,32.5,0.4,22,50
20,32.5,0.4,23,50
20,32.5,0.4,24,50
20,32.5,0.4,25,50
20,32.5,0.4,26,50
20,32.5,0.4,27,50
20,32.5,0.4,28,50
20,32.5,0.4,29,50
20,32.5,0.4,30,50
20,32.5,0.4,31,50
20,32.5,0.4,32,50
20,32.5,0.4,33,50
20,32.5,0.4,34,50
20,32.5,0.4,35,50
20,32.5,0.5,10,50
20,32.5,0.5,11,50
20,32.5,0.5,12,50
20,32.5,0.5,13,50
20,32.5,0.5,14,50
20,32.5,0.5,15,50
20,32.5,0.5,16,50
20,32.5,0.5,17,50
20,32.5,0.5,18,50
20,32.5,0.5,19,50
20,32.5,0.5,20,50
20,32.5,0.5,21,50
20,32.5,0.5,22,50
20,32.5,0.5,23,50
20,32.5,0.5,24,50
20,32.5,0.5,25,50
20,32.5,0.5,26,50
20,32.5,0.5,27,50
20,32.5,0.5,28,50
20,32.5,0.5,29,50
20,32.5,0.5,30,50
20,32.5,0.5,31,50
20,32.5,0.5,32,50
20,32.5,0.5,33,50
20,32.5,0.5,34,50
20,32.5,0.5,35,50
20,35,0.2,10,60
20,35,0.2,11,62
20,35,0.2,12,63
20,35,0.2,13,65
20,35,0.2,14,67
20,35,0.2,15,68
20,35,0.2,16,70
20,35,0.2,17,72
20,35,0.2,18,73
20,35,0.2,19,75
20,35,0.2,20,77
20,35,0.2,21,78
20,35,0.2,22,80
20,35,0.2,23,82
20,35,0.2,24,83
20,35,0.2,25,85
20,35,0.2,26,87
20,35,0.2,27,88
20,35,0.2,28,90
20,35,0.2,29,91
20,35,0.2,30,93
20,35,0.2,31,94
20,35,0.2,32,96
20,35,0.2,33,97
20,35,0.2,34,98
20,35,0.2,35,99
20,35,0.3,10,50
20,35,0.3,11,51
20,35,0.3,12,52
20,35,0.3,13,53
20,35,0.3,14,54
20,35,0.3,15,54
20,35,0.3,16,55
20,35,0.3,17,56
20,35,0.3,18,57
20,35,0.3,19,58
20,35,0.3,20,59
20,35,0.3,21,60
20,35,0.3,22,61
20,35,0.3,23,62
20,35,0.3,24,63
20,35,0.3,25,64
20,35,0.3,26,65
20,35,0.3,27,66
20,35,0.3,28,67
20,35,0.3,29,68
20,35,0.3,30,69
20,35,0.3,31,70
20,35,0.3,32,71
20,35,0.3,33,71
20,35,0.3,34,72
20,35,0.3,35,73
20,35,0.4,10,50
20,35,0.4,11,50
20,35,0.4,12,50
20,35,0.4,13,50
20,35,0.4,14,50
20,35,0.4,15,50
20,35,0.4,16,50
20,35,0.4,17,50
20,35,0.4,18,50
20,35,0.4,19,50
20,35,0.4,20,50
20,35,0.4,21,50
20,35,0.4,22,50
20,35,0.4,23,50
20,35,0.4,24,50
20,35,0.4,25,50
20,35,0.4,26,50
20,35,0.4,27,50
20,35,0.4,28,50
20,35,0.4,29,50
20,35,0.4,30,50
20,35,0.4,31,50
20,35,0.4,32,50
20,35,0.4,33,50
20,35,0.4,34,50
20,35,0.4,35,50
20,35,0.5,10,50
20,35,0.5,11,50
20,35,0.5,12,50
20,35,0.5,13,50
20,35,0.5,14,50
20,35,0.5,15,50
20,35,0.5,16,50
20,35,0.5,17,50
20,35,0.5,18,50
20,35,0.5,19,50
20,35,0.5,20,50
20,35,0.5,21,50
20,35,0.5,22,50
20,35,0.5,23,50
20,35,0.5,24,50
20,35,0.5,25,50
20,35,0.5,26,50
20,35,0.5,27,50
20,35,0.5,28,50
20,35,0.5,29,50
20,35,0.5,30,50
20,35,0.5,31,50
20,35,0.5,32,50
20,35,0.5,33,50
20,35,0.5,34,50
20,35,0.5,35,50
21,25,0.2,10,58
21,25,0.2,11,59
21,25,0.2,12,60
21,25,0.2,13,60
21,25,0.2,14,61
21,25,0.2,15,62
21,25,0.2,16,63
21,25,0.2,17,64
21,25,0.2,18,65
21,25,0.2,19,66
21,25,0.2,20,67
21,25,0.2,21,68
21,25,0.2,22,69
21,25,0.2,23,70
21,25,0.2,24,72
21,25,0.2,25,73
21,25,0.2,26,74
21,25,0.2,27,75
21,25,0.2,28,76
21,25,0.2,29,77
21,25,0.2,30,78
21,25,0.2,31,79
21,25,0.2,32,80
21,25,0.2,33,81
21,25,0.2,34,82
21,25,0.2,35,83
21,25,0.3,10,51
21,25,0.3,11,51
21,25,0.3,12,51
21,25,0.3,13,52
21,25,0.3,14,52
21,25,0.3,15,52
21,25,0.3,16,53
21,25,0.3,17,53
21,25,0.3,18,53
21,25,0.3,19,54
21,25,0.3,20,54
21,25,0.3,21,55
21,25,0.3,22,55
21,25,0.3,23,56
21,25,0.3,24,56
21,25,0.3,25,57
21,25,0.3,26,57
21,25,0.3,27,58
21,25,0.3,28,58
21,25,0.3,29,59
21,25,0.3,30,59
21,25,0.3,31,59
21,25,0.3,32,60
21,25,0.3,33,60
21,25,0.3,34,61
21,25,0.3,35,61
21,25,0.4,10,50
21,25,0.4,11,50
21,25,0.4,12,50
21,25,0.4,13,50
21,25,0.4,14,50
21,25,0.4,15,50
21,25,0.4,16,50
21,25,0.4,17,50
21,25,0.4,18,50
21,25,0.4,19,50
21,25,0.4,20,50
21,25,0.4,21,50
21,25,0.4,22,50
21,25,0.4,23,50
21,25,0.4,24,50
21,25,0.4,25,50
21,25,0.4,26,50
21,25,0.4,27,50
21,25,0.4,28,50
21,25,0.4,29,50
21,25,0.4,30,50
21,25,0.4,31,50
21,25,0.4,32,50
21,25,0.4,33,50
21,25,0.4,34,50
21,25,0.4,35,50
21,25,0.5,10,50
21,25,0.5,11,50
21,25,0.5,12,50
21,25,0.5,13,50
21,25,0.5,14,50
21,25,0.5,15,50
21,25,0.5,16,50
21,25,0.5,17,50
21,25,0.5,18,50
21,25,0.5,19,50
21,25,0.5,20,50
21,25,0.5,21,50
21,25,0.5,22,50
21,25,0.5,23,50
21,25,0.5,24,50
21,25,0.5,25,50
21,25,0.5,26,50
21,25,0.5,27,50
21,25,0.5,28,50
21,25,0.5,29,50
21,25,0.5,30,50
21,25,0.5,31,50
21,25,0.5,32,50
21,25,0.5,33,50
21,25,0.5,34,50
21,25,0.5,35,50
21,27.5,0.2,10,59
21,27.5,0.2,11,60
21,27.5,0.2,12,61
21,27.5,0.2,13,62
21,27.5,0.2,14,64
21,27.5,0.2,15,65
21,27.5,0.2,16,66
21,27.5,0.2,17,67
21,27.5,0.2,18,68
21,27.5,0.2,19,69
21,27.5,0.2,20,71
21,27.5,0.2,21,72
21,27.5,0.2,22,73
21,27.5,0.2,23,74
21,27.5,0.2,24,76
21,27.5,0.2,25,77
21,27.5,0.2,26,78
21,27.5,0.2,27,79
21,27.5,0.2,28,81
21,27.5,0.2,29,82
21,27.5,0.2,30,83
21,27.5,0.2,31,84
21,27.5,0.2,32,85
21,27.5,0.2,33,87
21,27.5,0.2,34,88
21,27.5,0.2,35,89
21,27.5,0.3,10,52
21,27.5,0.3,11,52
21,27.5,0.3,12,52
21,27.5,0.3,13,53
21,27.5,0.3,14,53
21,27.5,0.3,15,54
21,27.5,0.3,16,54
21,27.5,0.3,17,55
21,27.5,0.3,18,55
21,27.5,0.3,19,56
21,27.5,0.3,20,57
21,27.5,0.3,21,57
21,27.5,0.3,22,58
21,27.5,0.3,23,58
21,27.5,0.3,24,59
21,27.5,0.3,25,60
21,27.5,0.3,26,60
21,27.5,0.3,27,61
21,27.5,0.3,28,61
21,27.5,0.3,29,62
21,27.5,0.3,30,62
21,27.5,0.3,31,63
21,27.5,0.3,32,64
21,27.5,0.3,33,64
21,27.5,0.3,34,65
21,27.5,0.3,35,65
21,27.5,0.4,10,50
21,27.5,0.4,11,50
21,27.5,0.4,12,50
21,27.5,0.4,13,50
21,27.5,0.4,14,50
21,27.5,0.4,15,50
21,27.5,0.4,16,50
21,27.5,0.4,17,50
21,27.5,0.4,18,50
21,27.5,0.4,19,50
21,27.5,0.4,20,50
21,27.5,0.4,21,50
21,27.5,0.4,22,50
21,27.5,0.4,23,50
21,27.5,0.4,24,50
21,27.5,0.4,25,50
21,27.5,0.4,26,50
21,27.5,0.4,27,50
21,27.5,0.4,28,50
21,27.5,0.4,29,50
21,27.5,0.4,30,50
21,27.5,0.4,31,50
21,27.5,0.4,32,50
21,27.5,0.4,33,50
21,27.5,0.4,34,50
21,27.5,0.4,35,50
21,27.5,0.5,10,50
21,27.5,0.5,11,50
21,27.5,0.5,12,50
21,27.5,0.5,13,50
21,27.5,0.5,14,50
21,27.5,0.5,15,50
21,27.5,0.5,16,50
21,27.5,0.5,17,50
21,27.5,0.5,18,50
21,27.5,0.5,19,50
21,27.5,0.5,20,50
21,27.5,0.5,21,50
21,27.5,0.5,22,50
21,27.5,0.5,23,50
21,27.5,0.5,24,50
21,27.5,0.5,25,50
21,27.5,0.5,26,50
21,27.5,0.5,27,50
21,27.5,0.5,28,50
21,27.5,0.5,29,50
21,27.5,0.5,30,50
21,27.5,0.5,31,50
21,27.5,0.5,32,50
21,27.5,0.5,33,50
21,27.5,0.5,34,50
21,27.5,0.5,35,50
21,30,0.2,10,61
21,30,0.2,11,62
21,30,0.2,12,63
21,30,0.2,13,65
21,30,0.2,14,66
21,30,0.2,15,67
21,30,0.2,16,69
21,30,0.2,17,70
21,30,0.2,18,71
21,30,0.2,19,73
21,30,0.2,20,74
21,30,0.2,21,76
21,30,0.2,22,77
21,30,0.2,23,78
21,30,0.2,24,80
21,30,0.2,25,81
21,30,0.2,26,83
21,30,0.2,27,84
21,30,0.2,28,85
21,30,0.2,29,87
21,30,0.2,30,88
21,30,0.2,31,89
21,30,0.2,32,91
21,30,0.2,33,92
21,30,0.2,34,93
21,30,0.2,35,94
21,30,0.3,10,53
21,30,0.3,11,53
21,30,0.3,12,54
21,30,0.3,13,54
21,30,0.3,14,55
21,30,0.3,15,55
21,30,0.3,16,56
21,30,0.3,17,57
21,30,0.3,18,57
21,30,0.3,19,58
21,30,0.3,20,59
21,30,0.3,21,60
21,30,0.3,22,60
21,30,0.3,23,61
21,30,0.3,24,62
21,30,0.3,25,63
21,30,0.3,26,63
21,30,0.3,27,64
21,30,0.3,28,65
21,30,0.3,29,65
21,30,0.3,30,66
21,30,0.3,31,67
21,30,0.3,32,67
21,30,0.3,33,68
21,30,0.3,34,69
21,30,0.3,35,69
21,30,0.4,10,50
21,30,0.4,11,50
21,30,0.4,12,50
21,30,0.4,13,50
21,30,0.4,14,50
21,30,0.4,15,50
21,30,0.4,16,50
21,30,0.4,17,50
21,30,0.4,18,50
21,30,0.4,19,50
21,30,0.4,20,50
21,30,0.4,21,50
21,30,0.4,22,50
21,30,0.4,23,50
21,30,0.4,24,50
21,30,0.4,25,50
21,30,0.4,26,50
21,30,0.4,27,50
21,30,0.4,28,50
21,30,0.4,29,50
21,30,0.4,30,50
21,30,0.4,31,50
21,30,0.4,32,50
21,30,0.4,33,50
21,30,0.4,34,50
21,30,0.4,35,50
21,30,0.5,10,50
21,30,0.5,11,50
21,30,0.5,12,50
21,30,0.5,13,50
21,30,0.5,14,50
21,30,0.5,15,50
21,30,0.5,16,50
21,30,0.5,17,50
21,30,0.5,18,50
21,30,0.5,19,50
21,30,0.5,20,50
21,30,0.5,21,50
21,30,0.5,22,50
21,30,0.5,23,50
21,30,0.5,24,50
21,30,0.5,25,50
21,30,0.5,26,50
21,30,0.5,27,50
21,30,0.5,28,50
21,30,0.5,29,50
21,30,0.5,30,50
21,30,0.5,31,50
21,30,0.5,32,50
21,30,0.5,33,50
21,30,0.5,34,50
21,30,0.5,35,50
21,32.5,0.2,10,63
21,32.5,0.2,11,64
21,32.5,0.2,12,66
21,32.5,0.2,13,67
21,32.5,0.2,14,69
21,32.5,0.2,15,70
21,32.5,0.2,16,72
21,32.5,0.2,17,73
21,32.5,0.2,18,75
21,32.5,0.2,19,76
21,32.5,0.2,20,78
21,32.5,0.2,21,79
21,32.5,0.2,22,81
21,32.5,0.2,23,83
21,32.5,0.2,24,84
21,32.5,0.2,25,86
21,32.5,0.2,26,87
21,32.5,0.2,27,89
21,32.5,0.2,28,90
21,32.5,0.2,29,92
21,32.5,0.2,30,93
21,32.5,0.2,31,95
21,32.5,0.2,32,96
21,32.5,0.2,33,97
21,32.5,0.2,34,99
21,32.5,0.2,35,100
21,32.5,0.3,10,54
21,32.5,0.3,11,54
21,32.5,0.3,12,55
21,32.5,0.3,13,56
21,32.5,0.3,14,56
21,32.5,0.3,15,57
21,32.5,0.3,16,58
21,32.5,0.3,17,59
21,32.5,0.3,18,60
21,32.5,0.3,19,61
21,32.5,0.3,20,61
21,32.5,0.3,21,62
21,32.5,0.3,22,63
21,32.5,0.3,23,64
21,32.5,0.3,24,65
21,32.5,0.3,25,66
21,32.5,0.3,26,67
21,32.5,0.3,27,68
21,32.5,0.3,28,68
21,32.5,0.3,29,69
21,32.5,0.3,30,70
21,32.5,0.3,31,71
21,32.5,0.3,32,72
21,32.5,0.3,33,72
21,32.5,0.3,34,73
21,32.5,0.3,35,74
21,32.5,0.4,10,50
21,32.5,0.4,11,50
21,32.5,0.4,12,50
21,32.5,0.4,13,50
21,32.5,0.4,14,50
21,32.5,0.4,15,50
21,32.5,0.4,16,50
21,32.5,0.4,17,50
21,32.5,0.4,18,50
21,32.5,0.4,19,50
21,32.5,0.4,20,50
21,32.5,0.4,21,50
21,32.5,0.4,22,50
21,32.5,0.4,23,50
21,32.5,0.4,24,50
21,32.5,0.4,25,50
21,32.5,0.4,26,50
21,32.5,0.4,27,50
21,32.5,0.4,28,50
21,32.5,0.4,29,50
21,32.5,0.4,30,50
21,32.5,0.4,31,50
21,32.5,0.4,32,50
21,32.5,0.4,33,50
21,32.5,0.4,34,50
21,32.5,0.4,35,50
21,32.5,0.5,10,50
21,32.5,0.5,11,50
21,32.5,0.5,12,50
21,32.5,0.5,13,50
21,32.5,0.5,14,50
21,32.5,0.5,15,50
21,32.5,0.5,16,50
21,32.5,0.5,17,50
21,32.5,0.5,18,50
21,32.5,0.5,19,50
21,32.5,0.5,20,50
21,32.5,0.5,21,50
21,32.5,0.5,22,50
21,32.5,0.5,23,50
21,32.5,0.5,24,50
21,32.5,0.5,25,50
21,32.5,0.5,26,50
21,32.5,0.5,27,50
21,32.5,0.5,28,50
21,32.5,0.5,29,50
21,32.5,0.5,30,50
21,32.5,0.5,31,50
21,32.5,0.5,32,50
21,32.5,0.5,33,50
21,32.5,0.5,34,50
21,32.5,0.5,35,50
21,35,0.2,10,65
21,35,0.2,11,66
21,35,0.2,12,68
21,35,0.2,13,70
21,35,0.2,14,71
21,35,0.2,15,73
21,35,0.2,16,75
21,35,0.2,17,76
21,35,0.2,18,78
21,35,0.2,19,80
21,35,0.2,20,82
21,35,0.2,21,83
21,35,0.2,22,85
21,35,0.2,23,87
21,35,0.2,24,89
21,35,0.2,25,90
21,35,0.2,26,92
21,35,0.2,27,94
21,35,0.2,28,95
21,35,0.2,29,97
21,35,0.2,30,98
21,35,0.2,31,100
21,35,0.2,32,101
21,35,0.2,33,103
21,35,0.2,34,104
21,35,0.2,35,105
21,35,0.3,10,55
21,35,0.3,11,56
21,35,0.3,12,56
21,35,0.3,13,57
21,35,0.3,14,58
21,35,0.3,15,59
21,35,0.3,16,60
21,35,0.3,17,61
21,35,0.3,18,62
21,35,0.3,19,63
21,35,0.3,20,64
21,35,0.3,21,65
21,35,0.3,22,66
21,35,0.3,23,67
21,35,0.3,24,68
21,35,0.3,25,69
21,35,0.3,26,70
21,35,0.3,27,71
21,35,0.3,28,72
21,35,0.3,29,73
21,35,0.3,30,74
21,35,0.3,31,75
21,35,0.3,32,76
21,35,0.3,33,77
21,35,0.3,34,78
21,35,0.3,35,78
21,35,0.4,10,50
21,35,0.4,11,50
21,35,0.4,12,50
21,35,0.4,13,50
21,35,0.4,14,50
21,35,0.4,15,50
21,35,0.4,16,50
21,35,0.4,17,50
21,35,0.4,18,50
21,35,0.4,19,50
21,35,0.4,20,50
21,35,0.4,21,50
21,35,0.4,22,50
21,35,0.4,23,51
21,35,0.4,24,51
21,35,0.4,25,51
21,35,0.4,26,52
21,35,0.4,27,52
21,35,0.4,28,52
21,35,0.4,29,53
21,35,0.4,30,53
21,35,0.4,31,53
21,35,0.4,32,54
21,35,0.4,33,54
21,35,0.4,34,54
21,35,0.4,35,54
21,35,0.5,10,50
21,35,0.5,11,50
21,35,0.5,12,50
21,35,0.5,13,50
21,35,0.5,14,50
21,35,0.5,15,50
21,35,0.5,16,50
21,35,0.5,17,50
21,35,0.5,18,50
21,35,0.5,19,50
21,35,0.5,20,50
21,35,0.5,21,50
21,35,0.5,22,50
21,35,0.5,23,50
21,35,0.5,24,50
21,35,0.5,25,50
21,35,0.5,26,50
21,35,0.5,27,50
21,35,0.5,28,50
21,35,0.5,29,50
21,35,0.5,30,50
21,35,0.5,31,50
21,35,0.5,32,50
21,35,0.5,33,50
21,35,0.5,34,50
21,35,0.5,35,50
22,25,0.2,10,62
22,25,0.2,11,63
22,25,0.2,12,63
22,25,0.2,13,64
22,25,0.2,14,65
22,25,0.2,15,66
22,25,0.2,16,67
22,25,0.2,17,68
22,25,0.2,18,69
22,25,0.2,19,70
22,25,0.2,20,71
22,25,0.2,21,72
22,25,0.2,22,73
22,25,0.2,23,74
22,25,0.2,24,76
22,25,0.2,25,77
22,25,0.2,26,78
22,25,0.2,27,79
22,25,0.2,28,80
22,25,0.2,29,81
22,25,0.2,30,83
22,25,0.2,31,84
22,25,0.2,32,85
22,25,0.2,33,86
22,25,0.2,34,87
22,25,0.2,35,88
22,25,0.3,10,55
22,25,0.3,11,55
22,25,0.3,12,55
22,25,0.3,13,56
22,25,0.3,14,56
22,25,0.3,15,56
22,25,0.3,16,57
22,25,0.3,17,57
22,25,0.3,18,58
22,25,0.3,19,58
22,25,0.3,20,58
22,25,0.3,21,59
22,25,0.3,22,59
22,25,0.3,23,60
22,25,0.3,24,60
22,25,0.3,25,61
22,25,0.3,26,61
22,25,0.3,27,62
22,25,0.3,28,62
22,25,0.3,29,63
22,25,0.3,30,63
22,25,0.3,31,64
22,25,0.3,32,64
22,25,0.3,33,65
22,25,0.3,34,65
22,25,0.3,35,66
22,25,0.4,10,50
22,25,0.4,11,50
22,25,0.4,12,50
22,25,0.4,13,50
22,25,0.4,14,50
22,25,0.4,15,50
22,25,0.4,16,50
22,25,0.4,17,50
22,25,0.4,18,50
22,25,0.4,19,50
22,25,0.4,20,50
22,25,0.4,21,50
22,25,0.4,22,50
22,25,0.4,23,50
22,25,0.4,24,50
22,25,0.4,25,50
22,25,0.4,26,50
22,25,0.4,27,50
22,25,0.4,28,50
22,25,0.4,29,50
22,25,0.4,30,50
22,25,0.4,31,50
22,25,0.4,32,50
22,25,0.4,33,50
22,25,0.4,34,50
22,25,0.4,35,50
22,25,0.5,10,50
22,25,0.5,11,50
22,25,0.5,12,50
22,25,0.5,13,50
22,25,0.5,14,50
22,25,0.5,15,50
22,25,0.5,16,50
22,25,0.5,17,50
22,25,0.5,18,50
22,25,0.5,19,50
22,25,0.5,20,50
22,25,0.5,21,50
22,25,0.5,22,50
22,25,0.5,23,50
22,25,0.5,24,50
22,25,0.5,25,50
22,25,0.5,26,50
22,25,0.5,27,50
22,25,0.5,28,50
22,25,0.5,29,50
22,25,0.5,30,50
22,25,0.5,31,50
22,25,0.5,32,50
22,25,0.5,33,50
22,25,0.5,34,50
22,25,0.5,35,50
22,27.5,0.2,10,64
22,27.5,0.2,11,65
22,27.5,0.2,12,66
22,27.5,0.2,13,67
22,27.5,0.2,14,68
22,27.5,0.2,15,69
22,27.5,0.2,16,70
22,27.5,0.2,17,71
22,27.5,0.2,18,72
22,27.5,0.2,19,73
22,27.5,0.2,20,75
22,27.5,0.2,21,76
22,27.5,0.2,22,77
22,27.5,0.2,23,79
22,27.5,0.2,24,80
22,27.5,0.2,25,81
22,27.5,0.2,26,83
22,27.5,0.2,27,84
22,27.5,0.2,28,85
22,27.5,0.2,29,87
22,27.5,0.2,30,88
22,27.5,0.2,31,89
22,27.5,0.2,32,90
22,27.5,0.2,33,91
22,27.5,0.2,34,93
22,27.5,0.2,35,94
22,27.5,0.3,10,56
22,27.5,0.3,11,56
22,27.5,0.3,12,57
22,27.5,0.3,13,57
22,27.5,0.3,14,58
22,27.5,0.3,15,58
22,27.5,0.3,16,59
22,27.5,0.3,17,59
22,27.5,0.3,18,60
22,27.5,0.3,19,60
22,27.5,0.3,20,61
22,27.5,0.3,21,61
22,27.5,0.3,22,62
22,27.5,0.3,23,63
22,27.5,0.3,24,63
22,27.5,0.3,25,64
22,27.5,0.3,26,64
22,27.5,0.3,27,65
22,27.5,0.3,28,66
22,27.5,0.3,29,66
22,27.5,0.3,30,67
22,27.5,0.3,31,68
22,27.5,0.3,32,68
22,27.5,0.3,33,69
22,27.5,0.3,34,69
22,27.5,0.3,35,70
22,27.5,0.4,10,50
22,27.5,0.4,11,50
22,27.5,0.4,12,50
22,27.5,0.4,13,50
22,27.5,0.4,14,50
22,27.5,0.4,15,50
22,27.5,0.4,16,50
22,27.5,0.4,17,50
22,27.5,0.4,18,50
22,27.5,0.4,19,50
22,27.5,0.4,20,50
22,27.5,0.4,21,50
22,27.5,0.4,22,50
22,27.5,0.4,23,50
22,27.5,0.4,24,50
22,27.5,0.4,25,50
22,27.5,0.4,26,50
22,27.5,0.4,27,50
22,27.5,0.4,28,50
22,27.5,0.4,29,50
22,27.5,0.4,30,50
22,27.5,0.4,31,50
22,27.5,0.4,32,50
22,27.5,0.4,33,50
22,27.5,0.4,34,50
22,27.5,0.4,35,50
22,27.5,0.5,10,50
22,27.5,0.5,11,50
22,27.5,0.5,12,50
22,27.5,0.5,13,50
22,27.5,0.5,14,50
22,27.5,0.5,15,50
22,27.5,0.5,16,50
22,27.5,0.5,17,50
22,27.5,0.5,18,50
22,27.5,0.5,19,50
22,27.5,0.5,20,50
22,27.5,0.5,21,50
22,27.5,0.5,22,50
22,27.5,0.5,23,50
22,27.5,0.5,24,50
22,27.5,0.5,25,50
22,27.5,0.5,26,50
22,27.5,0.5,27,50
22,27.5,0.5,28,50
22,27.5,0.5,29,50
22,27.5,0.5,30,50
22,27.5,0.5,31,50
22,27.5,0.5,32,50
22,27.5,0.5,33,50
22,27.5,0.5,34,50
22,27.5,0.5,35,50
22,30,0.2,10,65
22,30,0.2,11,67
22,30,0.2,12,68
22,30,0.2,13,69
22,30,0.2,14,70
22,30,0.2,15,72
22,30,0.2,16,73
22,30,0.2,17,74
22,30,0.2,18,76
22,30,0.2,19,77
22,30,0.2,20,79
22,30,0.2,21,80
22,30,0.2,22,81
22,30,0.2,23,83
22,30,0.2,24,84
22,30,0.2,25,86
22,30,0.2,26,87
22,30,0.2,27,89
22,30,0.2,28,90
22,30,0.2,29,92
22,30,0.2,30,93
22,30,0.2,31,95
22,30,0.2,32,96
22,30,0.2,33,97
22,30,0.2,34,98
22,30,0.2,35,100
22,30,0.3,10,57
22,30,0.3,11,58
22,30,0.3,12,58
22,30,0.3,13,59
22,30,0.3,14,59
22,30,0.3,15,60
22,30,0.3,16,61
22,30,0.3,17,61
22,30,0.3,18,62
22,30,0.3,19,63
22,30,0.3,20,63
22,30,0.3,21,64
22,30,0.3,22,65
22,30,0.3,23,66
22,30,0.3,24,66
22,30,0.3,25,67
22,30,0.3,26,68
22,30,0.3,27,69
22,30,0.3,28,69
22,30,0.3,29,70
22,30,0.3,30,71
22,30,0.3,31,72
22,30,0.3,32,72
22,30,0.3,33,73
22,30,0.3,34,74
22,30,0.3,35,74
22,30,0.4,10,50
22,30,0.4,11,50
22,30,0.4,12,50
22,30,0.4,13,50
22,30,0.4,14,50
22,30,0.4,15,50
22,30,0.4,16,50
22,30,0.4,17,50
22,30,0.4,18,50
22,30,0.4,19,50
22,30,0.4,20,51
22,30,0.4,21,51
22,30,0.4,22,51
22,30,0.4,23,51
22,30,0.4,24,51
22,30,0.4,25,51
22,30,0.4,26,51
22,30,0.4,27,51
22,30,0.4,28,52
22,30,0.4,29,52
22,30,0.4,30,52
22,30,0.4,31,52
22,30,0.4,32,52
22,30,0.4,33,52
22,30,0.4,34,52
22,30,0.4,35,52
22,30,0.5,10,50
22,30,0.5,11,50
22,30,0.5,12,50
22,30,0.5,13,50
22,30,0.5,14,50
22,30,0.5,15,50
22,30,0.5,16,50
22,30,0.5,17,50
22,30,0.5,18,50
22,30,0.5,19,50
22,30,0.5,20,50
22,30,0.5,21,50
22,30,0.5,22,50
22,30,0.5,23,50
22,30,0.5,24,50
22,30,0.5,25,50
22,30,0.5,26,50
22,30,0.5,27,50
22,30,0.5,28,50
22,30,0.5,29,50
22,30,0.5,30,50
22,30,0.5,31,50
22,30,0.5,32,50
22,30,0.5,33,50
22,30,0.5,34,50
22,30,0.5,35,50
22,32.5,0.2,10,67
22,32.5,0.2,11,69
22,32.5,0.2,12,70
22,32.5,0.2,13,72
22,32.5,0.2,14,73
22,32.5,0.2,15,75
22,32.5,0.2,16,76
22,32.5,0.2,17,78
22,32.5,0.2,18,79
22,32.5,0.2,19,81
22,32.5,0.2,20,82
22,32.5,0.2,21,84
22,32.5,0.2,22,86
22,32.5,0.2,23,87
22,32.5,0.2,24,89
22,32.5,0.2,25,91
22,32.5,0.2,26,92
22,32.5,0.2,27,94
22,32.5,0.2,28,96
22,32.5,0.2,29,97
22,32.5,0.2,30,99
22,32.5,0.2,31,100
22,32.5,0.2,32,102
22,32.5,0.2,33,103
22,32.5,0.2,34,104
22,32.5,0.2,35,106
22,32.5,0.3,10,58
22,32.5,0.3,11,59
22,32.5,0.3,12,60
22,32.5,0.3,13,60
22,32.5,0.3,14,61
22,32.5,0.3,15,62
22,32.5,0.3,16,63
22,32.5,0.3,17,63
22,32.5,0.3,18,64
22,32.5,0.3,19,65
22,32.5,0.3,20,66
22,32.5,0.3,21,67
22,32.5,0.3,22,68
22,32.5,0.3,23,69
22,32.5,0.3,24,70
22,32.5,0.3,25,71
22,32.5,0.3,26,72
22,32.5,0.3,27,72
22,32.5,0.3,28,73
22,32.5,0.3,29,74
22,32.5,0.3,30,75
22,32.5,0.3,31,76
22,32.5,0.3,32,77
22,32.5,0.3,33,77
22,32.5,0.3,34,78
22,32.5,0.3,35,79
22,32.5,0.4,10,51
22,32.5,0.4,11,51
22,32.5,0.4,12,51
22,32.5,0.4,13,51
22,32.5,0.4,14,51
22,32.5,0.4,15,51
22,32.5,0.4,16,52
22,32.5,0.4,17,52
22,32.5,0.4,18,52
22,32.5,0.4,19,52
22,32.5,0.4,20,52
22,32.5,0.4,21,53
22,32.5,0.4,22,53
22,32.5,0.4,23,53
22,32.5,0.4,24,53
22,32.5,0.4,25,54
22,32.5,0.4,26,54
22,32.5,0.4,27,54
22,32.5,0.4,28,54
22,32.5,0.4,29,55
22,32.5,0.4,30,55
22,32.5,0.4,31,55
22,32.5,0.4,32,55
22,32.5,0.4,33,55
22,32.5,0.4,34,55
22,32.5,0.4,35,55
22,32.5,0.5,10,50
22,32.5,0.5,11,50
22,32.5,0.5,12,50
22,32.5,0.5,13,50
22,32.5,0.5,14,50
22,32.5,0.5,15,50
22,32.5,0.5,16,50
22,32.5,0.5,17,50
22,32.5,0.5,18,50
22,32.5,0.5,19,50
22,32.5,0.5,20,50
22,32.5,0.5,21,50
22,32.5,0.5,22,50
22,32.5,0.5,23,50
22,32.5,0.5,24,50
22,32.5,0.5,25,50
22,32.5,0.5,26,50
22,32.5,0.5,27,50
22,32.5,0.5,28,50
22,32.5,0.5,29,50
22,32.5,0.5,30,50
22,32.5,0.5,31,50
22,32.5,0.5,32,50
22,32.5,0.5,33,50
22,32.5,0.5,34,50
22,32.5,0.5,35,50
22,35,0.2,10,70
22,35,0.2,11,71
22,35,0.2,12,73
22,35,0.2,13,74
22,35,0.2,14,76
22,35,0.2,15,78
22,35,0.2,16,79
22,35,0.2,17,81
22,35,0.2,18,83
22,35,0.2,19,85
22,35,0.2,20,87
22,35,0.2,21,88
22,35,0.2,22,90
22,35,0.2,23,92
22,35,0.2,24,94
22,35,0.2,25,96
22,35,0.2,26,97
22,35,0.2,27,99
22,35,0.2,28,101
22,35,0.2,29,103
22,35,0.2,30,104
22,35,0.2,31,106
22,35,0.2,32,107
22,35,0.2,33,109
22,35,0.2,34,110
22,35,0.2,35,112
22,35,0.3,10,59
22,35,0.3,11,60
22,35,0.3,12,61
22,35,0.3,13,62
22,35,0.3,14,63
22,35,0.3,15,64
22,35,0.3,16,65
22,35,0.3,17,66
22,35,0.3,18,67
22,35,0.3,19,68
22,35,0.3,20,69
22,35,0.3,21,70
22,35,0.3,22,71
22,35,0.3,23,72
22,35,0.3,24,73
22,35,0.3,25,74
22,35,0.3,26,75
22,35,0.3,27,76
22,35,0.3,28,77
22,35,0.3,29,78
22,35,0.3,30,79
22,35,0.3,31,80
22,35,0.3,32,81
22,35,0.3,33,82
22,35,0.3,34,83
22,35,0.3,35,84
22,35,0.4,10,51
22,35,0.4,11,52
22,35,0.4,12,52
22,35,0.4,13,52
22,35,0.4,14,52
22,35,0.4,15,53
22,35,0.4,16,53
22,35,0.4,17,53
22,35,0.4,18,54
22,35,0.4,19,54
22,35,0.4,20,54
22,35,0.4,21,55
22,35,0.4,22,55
22,35,0.4,23,56
22,35,0.4,24,56
22,35,0.4,25,56
22,35,0.4,26,57
22,35,0.4,27,57
22,35,0.4,28,57
22,35,0.4,29,58
22,35,0.4,30,58
22,35,0.4,31,58
22,35,0.4,32,59
22,35,0.4,33,59
22,35,0.4,34,59
22,35,0.4,35,59
22,35,0.5,10,50
22,35,0.5,11,50
22,35,0.5,12,50
22,35,0.5,13,50
22,35,0.5,14,50
22,35,0.5,15,50
22,35,0.5,16,50
22,35,0.5,17,50
22,35,0.5,18,50
22,35,0.5,19,50
22,35,0.5,20,50
22,35,0.5,21,50
22,35,0.5,22,50
22,35,0.5,23,50
22,35,0.5,24,50
22,35,0.5,25,50
22,35,0.5,26,50
22,35,0.5,27,50
22,35,0.5,28,50
22,35,0.5,29,50
22,35,0.5,30,50
22,35,0.5,31,50
22,35,0.5,32,50
22,35,0.5,33,50
22,35,0.5,34,50
22,35,0.5,35,50
