run_id,file,E_MPa,nu,gamma_kNm3,phi_deg,cohesion_kPa,K0,depth_m,t_liner_m,n_nodes,max_ux_mm,max_uy_mm
1,outputs/run_0001.npz,50.0,0.3,18.0,25.0,2.0,0.5774,10.0,0.2,7396,2.4805,9.4739
2,outputs/run_0002.npz,50.0,0.3,18.0,30.0,2.0,0.5000,10.0,0.2,7396,3.0230,9.9379
3,outputs/run_0003.npz,50.0,0.3,18.0,35.0,2.0,0.4264,10.0,0.2,7396,3.5389,10.3790
4,outputs/run_0004.npz,50.0,0.3,20.0,25.0,2.0,0.5774,10.0,0.2,7396,2.7474,10.7132
5,outputs/run_0005.npz,50.0,0.3,20.0,30.0,2.0,0.5000,10.0,0.2,7396,3.3502,11.2286
6,outputs/run_0006.npz,50.0,0.3,20.0,35.0,2.0,0.4264,10.0,0.2,7396,3.9234,11.7188
7,outputs/run_0007.npz,50.0,0.3,22.0,25.0,2.0,0.5774,10.0,0.2,7396,3.0143,11.9524
8,outputs/run_0008.npz,50.0,0.3,22.0,30.0,2.0,0.5000,10.0,0.2,7396,3.6774,12.5194
9,outputs/run_0009.npz,50.0,0.3,22.0,35.0,2.0,0.4264,10.0,0.2,7396,4.3079,13.0586
10,outputs/run_0010.npz,100.0,0.3,18.0,25.0,2.0,0.5774,10.0,0.2,7396,1.3583,4.9595
11,outputs/run_0011.npz,100.0,0.3,18.0,30.0,2.0,0.5000,10.0,0.2,7396,1.6691,5.2224
12,outputs/run_0012.npz,100.0,0.3,18.0,35.0,2.0,0.4264,10.0,0.2,7396,1.9647,5.4724
13,outputs/run_0013.npz,100.0,0.3,20.0,25.0,2.0,0.5774,10.0,0.2,7396,1.5043,5.6034
14,outputs/run_0014.npz,100.0,0.3,20.0,30.0,2.0,0.5000,10.0,0.2,7396,1.8498,5.8955
15,outputs/run_0015.npz,100.0,0.3,20.0,35.0,2.0,0.4264,10.0,0.2,7396,2.1782,6.1733
16,outputs/run_0016.npz,100.0,0.3,22.0,25.0,2.0,0.5774,10.0,0.2,7396,1.6504,6.2472
17,outputs/run_0017.npz,100.0,0.3,22.0,30.0,2.0,0.5000,10.0,0.2,7396,2.0304,6.5686
18,outputs/run_0018.npz,100.0,0.3,22.0,35.0,2.0,0.4264,10.0,0.2,7396,2.3916,6.8741
19,outputs/run_0019.npz,150.0,0.3,18.0,25.0,2.0,0.5774,10.0,0.2,7396,0.9146,3.3884
20,outputs/run_0020.npz,150.0,0.3,18.0,30.0,2.0,0.5000,10.0,0.2,7396,1.1338,3.5712
21,outputs/run_0021.npz,150.0,0.3,18.0,35.0,2.0,0.4264,10.0,0.2,7396,1.3421,3.7450
22,outputs/run_0022.npz,150.0,0.3,20.0,25.0,2.0,0.5774,10.0,0.2,7396,1.0129,3.8266
23,outputs/run_0023.npz,150.0,0.3,20.0,30.0,2.0,0.5000,10.0,0.2,7396,1.2564,4.0297
24,outputs/run_0024.npz,150.0,0.3,20.0,35.0,2.0,0.4264,10.0,0.2,7396,1.4879,4.2228
25,outputs/run_0025.npz,150.0,0.3,22.0,25.0,2.0,0.5774,10.0,0.2,7396,1.1112,4.2648
26,outputs/run_0026.npz,150.0,0.3,22.0,30.0,2.0,0.5000,10.0,0.2,7396,1.3790,4.4882
27,outputs/run_0027.npz,150.0,0.3,22.0,35.0,2.0,0.4264,10.0,0.2,7396,1.6336,4.7007
28,outputs/run_0028.npz,300.0,0.3,18.0,25.0,2.0,0.5774,10.0,0.2,7396,0.4299,1.7723
29,outputs/run_0029.npz,300.0,0.3,18.0,30.0,2.0,0.5000,10.0,0.2,7396,0.5480,1.8667
30,outputs/run_0030.npz,300.0,0.3,18.0,35.0,2.0,0.4264,10.0,0.2,7396,0.6603,1.9564
31,outputs/run_0031.npz,300.0,0.3,20.0,25.0,2.0,0.5774,10.0,0.2,7396,0.4760,2.0000
32,outputs/run_0032.npz,300.0,0.3,20.0,30.0,2.0,0.5000,10.0,0.2,7396,0.6072,2.1048
33,outputs/run_0033.npz,300.0,0.3,20.0,35.0,2.0,0.4264,10.0,0.2,7396,0.7319,2.2045
34,outputs/run_0034.npz,300.0,0.3,22.0,25.0,2.0,0.5774,10.0,0.2,7396,0.5220,2.2277
35,outputs/run_0035.npz,300.0,0.3,22.0,30.0,2.0,0.5000,10.0,0.2,7396,0.6664,2.3430
36,outputs/run_0036.npz,300.0,0.3,22.0,35.0,2.0,0.4264,10.0,0.2,7396,0.8036,2.4527
37,outputs/run_0037.npz,500.0,0.3,18.0,25.0,2.0,0.5774,10.0,0.2,7396,0.2259,1.1089
38,outputs/run_0038.npz,500.0,0.3,18.0,30.0,2.0,0.5000,10.0,0.2,7396,0.3006,1.1653
39,outputs/run_0039.npz,500.0,0.3,18.0,35.0,2.0,0.4264,10.0,0.2,7396,0.3716,1.2189
40,outputs/run_0040.npz,500.0,0.3,20.0,25.0,2.0,0.5774,10.0,0.2,7396,0.2500,1.2505
41,outputs/run_0041.npz,500.0,0.3,20.0,30.0,2.0,0.5000,10.0,0.2,7396,0.3329,1.3131
42,outputs/run_0042.npz,500.0,0.3,20.0,35.0,2.0,0.4264,10.0,0.2,7396,0.4118,1.3727
43,outputs/run_0043.npz,500.0,0.3,22.0,25.0,2.0,0.5774,10.0,0.2,7396,0.2741,1.3922
44,outputs/run_0044.npz,500.0,0.3,22.0,30.0,2.0,0.5000,10.0,0.2,7396,0.3653,1.4610
45,outputs/run_0045.npz,500.0,0.3,22.0,35.0,2.0,0.4264,10.0,0.2,7396,0.4521,1.5265
46,outputs/run_0046.npz,50.0,0.3,18.0,25.0,2.0,0.5774,10.0,0.3,7688,1.6488,8.3233
47,outputs/run_0047.npz,50.0,0.3,18.0,30.0,2.0,0.5000,10.0,0.3,7688,2.0093,8.6277
48,outputs/run_0048.npz,50.0,0.3,18.0,35.0,2.0,0.4264,10.0,0.3,7688,2.3522,8.9171
49,outputs/run_0049.npz,50.0,0.3,20.0,25.0,2.0,0.5774,10.0,0.3,7688,1.8232,9.5339
50,outputs/run_0050.npz,50.0,0.3,20.0,30.0,2.0,0.5000,10.0,0.3,7688,2.2238,9.8722
51,outputs/run_0051.npz,50.0,0.3,20.0,35.0,2.0,0.4264,10.0,0.3,7688,2.6048,10.1938
52,outputs/run_0052.npz,50.0,0.3,22.0,25.0,2.0,0.5774,10.0,0.3,7688,1.9976,10.7446
53,outputs/run_0053.npz,50.0,0.3,22.0,30.0,2.0,0.5000,10.0,0.3,7688,2.4383,11.1167
54,outputs/run_0054.npz,50.0,0.3,22.0,35.0,2.0,0.4264,10.0,0.3,7688,2.8573,11.4705
55,outputs/run_0055.npz,100.0,0.3,18.0,25.0,2.0,0.5774,10.0,0.3,7688,1.0659,4.4550
56,outputs/run_0056.npz,100.0,0.3,18.0,30.0,2.0,0.5000,10.0,0.3,7688,1.3066,4.6568
57,outputs/run_0057.npz,100.0,0.3,18.0,35.0,2.0,0.4264,10.0,0.3,7688,1.5355,4.8487
58,outputs/run_0058.npz,100.0,0.3,20.0,25.0,2.0,0.5774,10.0,0.3,7688,1.1786,5.0918
59,outputs/run_0059.npz,100.0,0.3,20.0,30.0,2.0,0.5000,10.0,0.3,7688,1.4460,5.3160
60,outputs/run_0060.npz,100.0,0.3,20.0,35.0,2.0,0.4264,10.0,0.3,7688,1.7003,5.5292
61,outputs/run_0061.npz,100.0,0.3,22.0,25.0,2.0,0.5774,10.0,0.3,7688,1.2912,5.7285
62,outputs/run_0062.npz,100.0,0.3,22.0,30.0,2.0,0.5000,10.0,0.3,7688,1.5854,5.9752
63,outputs/run_0063.npz,100.0,0.3,22.0,35.0,2.0,0.4264,10.0,0.3,7688,1.8652,6.2097
64,outputs/run_0064.npz,150.0,0.3,18.0,25.0,2.0,0.5774,10.0,0.3,7688,0.7774,3.0820
65,outputs/run_0065.npz,150.0,0.3,18.0,30.0,2.0,0.5000,10.0,0.3,7688,0.9587,3.2327
66,outputs/run_0066.npz,150.0,0.3,18.0,35.0,2.0,0.4264,10.0,0.3,7688,1.1311,3.3759
67,outputs/run_0067.npz,150.0,0.3,20.0,25.0,2.0,0.5774,10.0,0.3,7688,0.8595,3.5185
68,outputs/run_0068.npz,150.0,0.3,20.0,30.0,2.0,0.5000,10.0,0.3,7688,1.0609,3.6860
69,outputs/run_0069.npz,150.0,0.3,20.0,35.0,2.0,0.4264,10.0,0.3,7688,1.2524,3.8451
70,outputs/run_0070.npz,150.0,0.3,22.0,25.0,2.0,0.5774,10.0,0.3,7688,0.9415,3.9551
71,outputs/run_0071.npz,150.0,0.3,22.0,30.0,2.0,0.5000,10.0,0.3,7688,1.1631,4.1392
72,outputs/run_0072.npz,150.0,0.3,22.0,35.0,2.0,0.4264,10.0,0.3,7688,1.3738,4.3144
73,outputs/run_0073.npz,300.0,0.3,18.0,25.0,2.0,0.5774,10.0,0.3,7688,0.4101,1.6355
74,outputs/run_0074.npz,300.0,0.3,18.0,30.0,2.0,0.5000,10.0,0.3,7688,0.5154,1.7206
75,outputs/run_0075.npz,300.0,0.3,18.0,35.0,2.0,0.4264,10.0,0.3,7688,0.6155,1.8015
76,outputs/run_0076.npz,300.0,0.3,20.0,25.0,2.0,0.5774,10.0,0.3,7688,0.4532,1.8640
77,outputs/run_0077.npz,300.0,0.3,20.0,30.0,2.0,0.5000,10.0,0.3,7688,0.5702,1.9585
78,outputs/run_0078.npz,300.0,0.3,20.0,35.0,2.0,0.4264,10.0,0.3,7688,0.6815,2.0484
79,outputs/run_0079.npz,300.0,0.3,22.0,25.0,2.0,0.5774,10.0,0.3,7688,0.4964,2.0925
80,outputs/run_0080.npz,300.0,0.3,22.0,30.0,2.0,0.5000,10.0,0.3,7688,0.6251,2.1965
81,outputs/run_0081.npz,300.0,0.3,22.0,35.0,2.0,0.4264,10.0,0.3,7688,0.7475,2.2954
82,outputs/run_0082.npz,500.0,0.3,18.0,25.0,2.0,0.5774,10.0,0.3,7688,0.2347,1.0272
83,outputs/run_0083.npz,500.0,0.3,18.0,30.0,2.0,0.5000,10.0,0.3,7688,0.3033,1.0804
84,outputs/run_0084.npz,500.0,0.3,18.0,35.0,2.0,0.4264,10.0,0.3,7688,0.3685,1.1310
85,outputs/run_0085.npz,500.0,0.3,20.0,25.0,2.0,0.5774,10.0,0.3,7688,0.2593,1.1693
86,outputs/run_0086.npz,500.0,0.3,20.0,30.0,2.0,0.5000,10.0,0.3,7688,0.3355,1.2284
87,outputs/run_0087.npz,500.0,0.3,20.0,35.0,2.0,0.4264,10.0,0.3,7688,0.4080,1.2846
88,outputs/run_0088.npz,500.0,0.3,22.0,25.0,2.0,0.5774,10.0,0.3,7688,0.2839,1.3114
89,outputs/run_0089.npz,500.0,0.3,22.0,30.0,2.0,0.5000,10.0,0.3,7688,0.3677,1.3764
90,outputs/run_0090.npz,500.0,0.3,22.0,35.0,2.0,0.4264,10.0,0.3,7688,0.4474,1.4383
91,outputs/run_0091.npz,50.0,0.3,18.0,25.0,2.0,0.5774,10.0,0.4,8060,1.0542,7.4140
92,outputs/run_0092.npz,50.0,0.3,18.0,30.0,2.0,0.5000,10.0,0.4,8060,1.2584,7.6042
93,outputs/run_0093.npz,50.0,0.3,18.0,35.0,2.0,0.4264,10.0,0.4,8060,1.4754,7.7852
94,outputs/run_0094.npz,50.0,0.3,20.0,25.0,2.0,0.5774,10.0,0.4,8060,1.2411,8.6258
95,outputs/run_0095.npz,50.0,0.3,20.0,30.0,2.0,0.5000,10.0,0.4,8060,1.3908,8.8372
96,outputs/run_0096.npz,50.0,0.3,20.0,35.0,2.0,0.4264,10.0,0.4,8060,1.6319,9.0383
97,outputs/run_0097.npz,50.0,0.3,22.0,25.0,2.0,0.5774,10.0,0.4,8060,1.4280,9.8376
98,outputs/run_0098.npz,50.0,0.3,22.0,30.0,2.0,0.5000,10.0,0.4,8060,1.5231,10.0701
99,outputs/run_0099.npz,50.0,0.3,22.0,35.0,2.0,0.4264,10.0,0.4,8060,1.7883,10.2914
100,outputs/run_0100.npz,100.0,0.3,18.0,25.0,2.0,0.5774,10.0,0.4,8060,0.7636,3.9854
101,outputs/run_0101.npz,100.0,0.3,18.0,30.0,2.0,0.5000,10.0,0.4,8060,0.9371,4.1291
102,outputs/run_0102.npz,100.0,0.3,18.0,35.0,2.0,0.4264,10.0,0.4,8060,1.1022,4.2658
103,outputs/run_0103.npz,100.0,0.3,20.0,25.0,2.0,0.5774,10.0,0.4,8060,0.8428,4.6206
104,outputs/run_0104.npz,100.0,0.3,20.0,30.0,2.0,0.5000,10.0,0.4,8060,1.0356,4.7803
105,outputs/run_0105.npz,100.0,0.3,20.0,35.0,2.0,0.4264,10.0,0.4,8060,1.2190,4.9322
106,outputs/run_0106.npz,100.0,0.3,22.0,25.0,2.0,0.5774,10.0,0.4,8060,0.9220,5.2558
107,outputs/run_0107.npz,100.0,0.3,22.0,30.0,2.0,0.5000,10.0,0.4,8060,1.1341,5.4315
108,outputs/run_0108.npz,100.0,0.3,22.0,35.0,2.0,0.4264,10.0,0.4,8060,1.3358,5.5986
109,outputs/run_0109.npz,150.0,0.3,18.0,25.0,2.0,0.5774,10.0,0.4,8060,0.6017,2.7791
110,outputs/run_0110.npz,150.0,0.3,18.0,30.0,2.0,0.5000,10.0,0.4,8060,0.7420,2.8945
111,outputs/run_0111.npz,150.0,0.3,18.0,35.0,2.0,0.4264,10.0,0.4,8060,0.8755,3.0043
112,outputs/run_0112.npz,150.0,0.3,20.0,25.0,2.0,0.5774,10.0,0.4,8060,0.6641,3.2155
113,outputs/run_0113.npz,150.0,0.3,20.0,30.0,2.0,0.5000,10.0,0.4,8060,0.8200,3.3437
114,outputs/run_0114.npz,150.0,0.3,20.0,35.0,2.0,0.4264,10.0,0.4,8060,0.9683,3.4657
115,outputs/run_0115.npz,150.0,0.3,22.0,25.0,2.0,0.5774,10.0,0.4,8060,0.7265,3.6520
116,outputs/run_0116.npz,150.0,0.3,22.0,30.0,2.0,0.5000,10.0,0.4,8060,0.8979,3.7930
117,outputs/run_0117.npz,150.0,0.3,22.0,35.0,2.0,0.4264,10.0,0.4,8060,1.0610,3.9271
118,outputs/run_0118.npz,300.0,0.3,18.0,25.0,2.0,0.5774,10.0,0.4,8060,0.3567,1.4988
119,outputs/run_0119.npz,300.0,0.3,18.0,30.0,2.0,0.5000,10.0,0.4,8060,0.4466,1.5710
120,outputs/run_0120.npz,300.0,0.3,18.0,35.0,2.0,0.4264,10.0,0.4,8060,0.5320,1.6397
121,outputs/run_0121.npz,300.0,0.3,20.0,25.0,2.0,0.5774,10.0,0.4,8060,0.3936,1.7286
122,outputs/run_0122.npz,300.0,0.3,20.0,30.0,2.0,0.5000,10.0,0.4,8060,0.4934,1.8089
123,outputs/run_0123.npz,300.0,0.3,20.0,35.0,2.0,0.4264,10.0,0.4,8060,0.5883,1.8852
124,outputs/run_0124.npz,300.0,0.3,22.0,25.0,2.0,0.5774,10.0,0.4,8060,0.4305,1.9585
125,outputs/run_0125.npz,300.0,0.3,22.0,30.0,2.0,0.5000,10.0,0.4,8060,0.5403,2.0467
126,outputs/run_0126.npz,300.0,0.3,22.0,35.0,2.0,0.4264,10.0,0.4,8060,0.6447,2.1306
127,outputs/run_0127.npz,500.0,0.3,18.0,25.0,2.0,0.5774,10.0,0.4,8060,0.2201,0.9501
128,outputs/run_0128.npz,500.0,0.3,18.0,30.0,2.0,0.5000,10.0,0.4,8060,0.2815,0.9980
129,outputs/run_0129.npz,500.0,0.3,18.0,35.0,2.0,0.4264,10.0,0.4,8060,0.3398,1.0435
130,outputs/run_0130.npz,500.0,0.3,20.0,25.0,2.0,0.5774,10.0,0.4,8060,0.2427,1.0935
131,outputs/run_0131.npz,500.0,0.3,20.0,30.0,2.0,0.5000,10.0,0.4,8060,0.3109,1.1467
132,outputs/run_0132.npz,500.0,0.3,20.0,35.0,2.0,0.4264,10.0,0.4,8060,0.3758,1.1972
133,outputs/run_0133.npz,500.0,0.3,22.0,25.0,2.0,0.5774,10.0,0.4,8060,0.2654,1.2369
134,outputs/run_0134.npz,500.0,0.3,22.0,30.0,2.0,0.5000,10.0,0.4,8060,0.3404,1.2954
135,outputs/run_0135.npz,500.0,0.3,22.0,35.0,2.0,0.4264,10.0,0.4,8060,0.4117,1.3510
136,outputs/run_0136.npz,50.0,0.3,18.0,25.0,2.0,0.5774,10.0,0.5,8659,1.0232,6.7359
137,outputs/run_0137.npz,50.0,0.3,18.0,30.0,2.0,0.5000,10.0,0.5,8659,1.0153,6.8581
138,outputs/run_0138.npz,50.0,0.3,18.0,35.0,2.0,0.4264,10.0,0.5,8659,1.0077,6.9743
139,outputs/run_0139.npz,50.0,0.3,20.0,25.0,2.0,0.5774,10.0,0.5,8659,1.2263,7.9763
140,outputs/run_0140.npz,50.0,0.3,20.0,30.0,2.0,0.5000,10.0,0.5,8659,1.2174,8.1121
141,outputs/run_0141.npz,50.0,0.3,20.0,35.0,2.0,0.4264,10.0,0.5,8659,1.2090,8.2412
142,outputs/run_0142.npz,50.0,0.3,22.0,25.0,2.0,0.5774,10.0,0.5,8659,1.4294,9.2167
143,outputs/run_0143.npz,50.0,0.3,22.0,30.0,2.0,0.5000,10.0,0.5,8659,1.4196,9.3660
144,outputs/run_0144.npz,50.0,0.3,22.0,35.0,2.0,0.4264,10.0,0.5,8659,1.4103,9.5080
145,outputs/run_0145.npz,100.0,0.3,18.0,25.0,2.0,0.5774,10.0,0.5,8659,0.5332,3.5966
146,outputs/run_0146.npz,100.0,0.3,18.0,30.0,2.0,0.5000,10.0,0.5,8659,0.6565,3.6975
147,outputs/run_0147.npz,100.0,0.3,18.0,35.0,2.0,0.4264,10.0,0.5,8659,0.7737,3.7934
148,outputs/run_0148.npz,100.0,0.3,20.0,25.0,2.0,0.5774,10.0,0.5,8659,0.5875,4.2405
149,outputs/run_0149.npz,100.0,0.3,20.0,30.0,2.0,0.5000,10.0,0.5,8659,0.7244,4.3526
150,outputs/run_0150.npz,100.0,0.3,20.0,35.0,2.0,0.4264,10.0,0.5,8659,0.8546,4.4592
151,outputs/run_0151.npz,100.0,0.3,22.0,25.0,2.0,0.5774,10.0,0.5,8659,0.6861,4.8844
152,outputs/run_0152.npz,100.0,0.3,22.0,30.0,2.0,0.5000,10.0,0.5,8659,0.7923,5.0077
153,outputs/run_0153.npz,100.0,0.3,22.0,35.0,2.0,0.4264,10.0,0.5,8659,0.9356,5.1250
154,outputs/run_0154.npz,150.0,0.3,18.0,25.0,2.0,0.5774,10.0,0.5,8659,0.4468,2.5110
155,outputs/run_0155.npz,150.0,0.3,18.0,30.0,2.0,0.5000,10.0,0.5,8659,0.5523,2.5968
156,outputs/run_0156.npz,150.0,0.3,18.0,35.0,2.0,0.4264,10.0,0.5,8659,0.6527,2.6784
157,outputs/run_0157.npz,150.0,0.3,20.0,25.0,2.0,0.5774,10.0,0.5,8659,0.4922,2.9520
158,outputs/run_0158.npz,150.0,0.3,20.0,30.0,2.0,0.5000,10.0,0.5,8659,0.6094,3.0474
159,outputs/run_0159.npz,150.0,0.3,20.0,35.0,2.0,0.4264,10.0,0.5,8659,0.7210,3.1381
160,outputs/run_0160.npz,150.0,0.3,22.0,25.0,2.0,0.5774,10.0,0.5,8659,0.5376,3.3931
161,outputs/run_0161.npz,150.0,0.3,22.0,30.0,2.0,0.5000,10.0,0.5,8659,0.6666,3.4980
162,outputs/run_0162.npz,150.0,0.3,22.0,35.0,2.0,0.4264,10.0,0.5,8659,0.7892,3.5978
163,outputs/run_0163.npz,300.0,0.3,18.0,25.0,2.0,0.5774,10.0,0.5,8659,0.2941,1.3673
164,outputs/run_0164.npz,300.0,0.3,18.0,30.0,2.0,0.5000,10.0,0.5,8659,0.3683,1.4264
165,outputs/run_0165.npz,300.0,0.3,18.0,35.0,2.0,0.4264,10.0,0.5,8659,0.4388,1.4827
166,outputs/run_0166.npz,300.0,0.3,20.0,25.0,2.0,0.5774,10.0,0.5,8659,0.3239,1.5995
167,outputs/run_0167.npz,300.0,0.3,20.0,30.0,2.0,0.5000,10.0,0.5,8659,0.4063,1.6652
168,outputs/run_0168.npz,300.0,0.3,20.0,35.0,2.0,0.4264,10.0,0.5,8659,0.4847,1.7277
169,outputs/run_0169.npz,300.0,0.3,22.0,25.0,2.0,0.5774,10.0,0.5,8659,0.3537,1.8318
170,outputs/run_0170.npz,300.0,0.3,22.0,30.0,2.0,0.5000,10.0,0.5,8659,0.4443,1.9040
171,outputs/run_0171.npz,300.0,0.3,22.0,35.0,2.0,0.4264,10.0,0.5,8659,0.5305,1.9728
172,outputs/run_0172.npz,500.0,0.3,18.0,25.0,2.0,0.5774,10.0,0.5,8659,0.1947,0.8751
173,outputs/run_0173.npz,500.0,0.3,18.0,30.0,2.0,0.5000,10.0,0.5,8659,0.2483,0.9166
174,outputs/run_0174.npz,500.0,0.3,18.0,35.0,2.0,0.4264,10.0,0.5,8659,0.2993,0.9562
175,outputs/run_0175.npz,500.0,0.3,20.0,25.0,2.0,0.5774,10.0,0.5,8659,0.2144,1.0202
176,outputs/run_0176.npz,500.0,0.3,20.0,30.0,2.0,0.5000,10.0,0.5,8659,0.2739,1.0664
177,outputs/run_0177.npz,500.0,0.3,20.0,35.0,2.0,0.4264,10.0,0.5,8659,0.3305,1.1103
178,outputs/run_0178.npz,500.0,0.3,22.0,25.0,2.0,0.5774,10.0,0.5,8659,0.2340,1.1653
179,outputs/run_0179.npz,500.0,0.3,22.0,30.0,2.0,0.5000,10.0,0.5,8659,0.2995,1.2161
180,outputs/run_0180.npz,500.0,0.3,22.0,35.0,2.0,0.4264,10.0,0.5,8659,0.3617,1.2644
181,outputs/run_0181.npz,50.0,0.3,18.0,25.0,2.0,0.5774,15.0,0.2,7496,3.8755,10.0611
182,outputs/run_0182.npz,50.0,0.3,18.0,30.0,2.0,0.5000,15.0,0.2,7496,4.6708,10.7708
183,outputs/run_0183.npz,50.0,0.3,18.0,35.0,2.0,0.4264,15.0,0.2,7496,5.4271,11.4456
184,outputs/run_0184.npz,50.0,0.3,20.0,25.0,2.0,0.5774,15.0,0.2,7496,4.3002,11.3426
185,outputs/run_0185.npz,50.0,0.3,20.0,30.0,2.0,0.5000,15.0,0.2,7496,5.1839,12.1311
186,outputs/run_0186.npz,50.0,0.3,20.0,35.0,2.0,0.4264,15.0,0.2,7496,6.0242,12.8809
187,outputs/run_0187.npz,50.0,0.3,22.0,25.0,2.0,0.5774,15.0,0.2,7496,4.7249,12.6241
188,outputs/run_0188.npz,50.0,0.3,22.0,30.0,2.0,0.5000,15.0,0.2,7496,5.6970,13.4915
189,outputs/run_0189.npz,50.0,0.3,22.0,35.0,2.0,0.4264,15.0,0.2,7496,6.6213,14.3162
190,outputs/run_0190.npz,100.0,0.3,18.0,25.0,2.0,0.5774,15.0,0.2,7496,2.1144,5.3764
191,outputs/run_0191.npz,100.0,0.3,18.0,30.0,2.0,0.5000,15.0,0.2,7496,2.5692,5.7766
192,outputs/run_0192.npz,100.0,0.3,18.0,35.0,2.0,0.4264,15.0,0.2,7496,3.0015,6.1572
193,outputs/run_0193.npz,100.0,0.3,20.0,25.0,2.0,0.5774,15.0,0.2,7496,2.3461,6.0552
194,outputs/run_0194.npz,100.0,0.3,20.0,30.0,2.0,0.5000,15.0,0.2,7496,2.8513,6.4999
195,outputs/run_0195.npz,100.0,0.3,20.0,35.0,2.0,0.4264,15.0,0.2,7496,3.3317,6.9227
196,outputs/run_0196.npz,100.0,0.3,22.0,25.0,2.0,0.5774,15.0,0.2,7496,2.5777,6.7340
197,outputs/run_0197.npz,100.0,0.3,22.0,30.0,2.0,0.5000,15.0,0.2,7496,3.1335,7.2232
198,outputs/run_0198.npz,100.0,0.3,22.0,35.0,2.0,0.4264,15.0,0.2,7496,3.6619,7.6883
199,outputs/run_0199.npz,150.0,0.3,18.0,25.0,2.0,0.5774,15.0,0.2,7496,1.4215,3.7114
200,outputs/run_0200.npz,150.0,0.3,18.0,30.0,2.0,0.5000,15.0,0.2,7496,1.7417,3.9891
201,outputs/run_0201.npz,150.0,0.3,18.0,35.0,2.0,0.4264,15.0,0.2,7496,2.0461,4.2530
202,outputs/run_0202.npz,150.0,0.3,20.0,25.0,2.0,0.5774,15.0,0.2,7496,1.5772,4.1780
203,outputs/run_0203.npz,150.0,0.3,20.0,30.0,2.0,0.5000,15.0,0.2,7496,1.9329,4.4865
204,outputs/run_0204.npz,150.0,0.3,20.0,35.0,2.0,0.4264,15.0,0.2,7496,2.2712,4.7798
205,outputs/run_0205.npz,150.0,0.3,22.0,25.0,2.0,0.5774,15.0,0.2,7496,1.7329,4.6446
206,outputs/run_0206.npz,150.0,0.3,22.0,30.0,2.0,0.5000,15.0,0.2,7496,2.1242,4.9839
207,outputs/run_0207.npz,150.0,0.3,22.0,35.0,2.0,0.4264,15.0,0.2,7496,2.4963,5.3065
208,outputs/run_0208.npz,300.0,0.3,18.0,25.0,2.0,0.5774,15.0,0.2,7496,0.6664,1.9774
209,outputs/run_0209.npz,300.0,0.3,18.0,30.0,2.0,0.5000,15.0,0.2,7496,0.8391,2.1203
210,outputs/run_0210.npz,300.0,0.3,18.0,35.0,2.0,0.4264,15.0,0.2,7496,1.0032,2.2561
211,outputs/run_0211.npz,300.0,0.3,20.0,25.0,2.0,0.5774,15.0,0.2,7496,0.7393,2.2242
212,outputs/run_0212.npz,300.0,0.3,20.0,30.0,2.0,0.5000,15.0,0.2,7496,0.9311,2.3828
213,outputs/run_0213.npz,300.0,0.3,20.0,35.0,2.0,0.4264,15.0,0.2,7496,1.1135,2.5338
214,outputs/run_0214.npz,300.0,0.3,22.0,25.0,2.0,0.5774,15.0,0.2,7496,0.8122,2.4709
215,outputs/run_0215.npz,300.0,0.3,22.0,30.0,2.0,0.5000,15.0,0.2,7496,1.0232,2.6454
216,outputs/run_0216.npz,300.0,0.3,22.0,35.0,2.0,0.4264,15.0,0.2,7496,1.2239,2.8114
217,outputs/run_0217.npz,500.0,0.3,18.0,25.0,2.0,0.5774,15.0,0.2,7496,0.3492,1.2579
218,outputs/run_0218.npz,500.0,0.3,18.0,30.0,2.0,0.5000,15.0,0.2,7496,0.4585,1.3430
219,outputs/run_0219.npz,500.0,0.3,18.0,35.0,2.0,0.4264,15.0,0.2,7496,0.5624,1.4239
220,outputs/run_0220.npz,500.0,0.3,20.0,25.0,2.0,0.5774,15.0,0.2,7496,0.3874,1.4138
221,outputs/run_0221.npz,500.0,0.3,20.0,30.0,2.0,0.5000,15.0,0.2,7496,0.5088,1.5083
222,outputs/run_0222.npz,500.0,0.3,20.0,35.0,2.0,0.4264,15.0,0.2,7496,0.6242,1.5983
223,outputs/run_0223.npz,500.0,0.3,22.0,25.0,2.0,0.5774,15.0,0.2,7496,0.4255,1.5697
224,outputs/run_0224.npz,500.0,0.3,22.0,30.0,2.0,0.5000,15.0,0.2,7496,0.5591,1.6737
225,outputs/run_0225.npz,500.0,0.3,22.0,35.0,2.0,0.4264,15.0,0.2,7496,0.6861,1.7727
226,outputs/run_0226.npz,50.0,0.3,18.0,25.0,2.0,0.5774,15.0,0.3,7788,2.5901,8.4629
227,outputs/run_0227.npz,50.0,0.3,18.0,30.0,2.0,0.5000,15.0,0.3,7788,3.1227,8.9333
228,outputs/run_0228.npz,50.0,0.3,18.0,35.0,2.0,0.4264,15.0,0.3,7788,3.6291,9.3806
229,outputs/run_0229.npz,50.0,0.3,20.0,25.0,2.0,0.5774,15.0,0.3,7788,2.8718,9.6531
230,outputs/run_0230.npz,50.0,0.3,20.0,30.0,2.0,0.5000,15.0,0.3,7788,3.4636,10.1758
231,outputs/run_0231.npz,50.0,0.3,20.0,35.0,2.0,0.4264,15.0,0.3,7788,4.0263,10.6728
232,outputs/run_0232.npz,50.0,0.3,22.0,25.0,2.0,0.5774,15.0,0.3,7788,3.1536,10.8433
233,outputs/run_0233.npz,50.0,0.3,22.0,30.0,2.0,0.5000,15.0,0.3,7788,3.8045,11.4183
234,outputs/run_0234.npz,50.0,0.3,22.0,35.0,2.0,0.4264,15.0,0.3,7788,4.4235,11.9651
235,outputs/run_0235.npz,100.0,0.3,18.0,25.0,2.0,0.5774,15.0,0.3,7788,1.6650,4.6971
236,outputs/run_0236.npz,100.0,0.3,18.0,30.0,2.0,0.5000,15.0,0.3,7788,2.0188,5.0069
237,outputs/run_0237.npz,100.0,0.3,18.0,35.0,2.0,0.4264,15.0,0.3,7788,2.3554,5.3015
238,outputs/run_0238.npz,100.0,0.3,20.0,25.0,2.0,0.5774,15.0,0.3,7788,1.8461,5.3431
239,outputs/run_0239.npz,100.0,0.3,20.0,30.0,2.0,0.5000,15.0,0.3,7788,2.2392,5.6873
240,outputs/run_0240.npz,100.0,0.3,20.0,35.0,2.0,0.4264,15.0,0.3,7788,2.6131,6.0146
241,outputs/run_0241.npz,100.0,0.3,22.0,25.0,2.0,0.5774,15.0,0.3,7788,2.0271,5.9891
242,outputs/run_0242.npz,100.0,0.3,22.0,30.0,2.0,0.5000,15.0,0.3,7788,2.4596,6.3677
243,outputs/run_0243.npz,100.0,0.3,22.0,35.0,2.0,0.4264,15.0,0.3,7788,2.8709,6.7278
244,outputs/run_0244.npz,150.0,0.3,18.0,25.0,2.0,0.5774,15.0,0.3,7788,1.2107,3.3071
245,outputs/run_0245.npz,150.0,0.3,18.0,30.0,2.0,0.5000,15.0,0.3,7788,1.4766,3.5376
246,outputs/run_0246.npz,150.0,0.3,18.0,35.0,2.0,0.4264,15.0,0.3,7788,1.7295,3.7568
247,outputs/run_0247.npz,150.0,0.3,20.0,25.0,2.0,0.5774,15.0,0.3,7788,1.3423,3.7570
248,outputs/run_0248.npz,150.0,0.3,20.0,30.0,2.0,0.5000,15.0,0.3,7788,1.6378,4.0131
249,outputs/run_0249.npz,150.0,0.3,20.0,35.0,2.0,0.4264,15.0,0.3,7788,1.9187,4.2566
250,outputs/run_0250.npz,150.0,0.3,22.0,25.0,2.0,0.5774,15.0,0.3,7788,1.4739,4.2068
251,outputs/run_0251.npz,150.0,0.3,22.0,30.0,2.0,0.5000,15.0,0.3,7788,1.7989,4.4886
252,outputs/run_0252.npz,150.0,0.3,22.0,35.0,2.0,0.4264,15.0,0.3,7788,2.1080,4.7565
253,outputs/run_0253.npz,300.0,0.3,18.0,25.0,2.0,0.5774,15.0,0.3,7788,0.6358,1.8009
254,outputs/run_0254.npz,300.0,0.3,18.0,30.0,2.0,0.5000,15.0,0.3,7788,0.7899,1.9303
255,outputs/run_0255.npz,300.0,0.3,18.0,35.0,2.0,0.4264,15.0,0.3,7788,0.9365,2.0534
256,outputs/run_0256.npz,300.0,0.3,20.0,25.0,2.0,0.5774,15.0,0.3,7788,0.7048,2.0420
257,outputs/run_0257.npz,300.0,0.3,20.0,30.0,2.0,0.5000,15.0,0.3,7788,0.8761,2.1858
258,outputs/run_0258.npz,300.0,0.3,20.0,35.0,2.0,0.4264,15.0,0.3,7788,1.0390,2.3226
259,outputs/run_0259.npz,300.0,0.3,22.0,25.0,2.0,0.5774,15.0,0.3,7788,0.7739,2.2831
260,outputs/run_0260.npz,300.0,0.3,22.0,30.0,2.0,0.5000,15.0,0.3,7788,0.9622,2.4413
261,outputs/run_0261.npz,300.0,0.3,22.0,35.0,2.0,0.4264,15.0,0.3,7788,1.1414,2.5918
262,outputs/run_0262.npz,500.0,0.3,18.0,25.0,2.0,0.5774,15.0,0.3,7788,0.3627,1.1521
263,outputs/run_0263.npz,500.0,0.3,18.0,30.0,2.0,0.5000,15.0,0.3,7788,0.4631,1.2327
264,outputs/run_0264.npz,500.0,0.3,18.0,35.0,2.0,0.4264,15.0,0.3,7788,0.5585,1.3095
265,outputs/run_0265.npz,500.0,0.3,20.0,25.0,2.0,0.5774,15.0,0.3,7788,0.4020,1.3046
266,outputs/run_0266.npz,500.0,0.3,20.0,30.0,2.0,0.5000,15.0,0.3,7788,0.5136,1.3942
267,outputs/run_0267.npz,500.0,0.3,20.0,35.0,2.0,0.4264,15.0,0.3,7788,0.6196,1.4795
268,outputs/run_0268.npz,500.0,0.3,22.0,25.0,2.0,0.5774,15.0,0.3,7788,0.4414,1.4572
269,outputs/run_0269.npz,500.0,0.3,22.0,30.0,2.0,0.5000,15.0,0.3,7788,0.5640,1.5557
270,outputs/run_0270.npz,500.0,0.3,22.0,35.0,2.0,0.4264,15.0,0.3,7788,0.6806,1.6496
271,outputs/run_0271.npz,50.0,0.3,18.0,25.0,2.0,0.5774,15.0,0.4,8092,1.6238,7.2331
272,outputs/run_0272.npz,50.0,0.3,18.0,30.0,2.0,0.5000,15.0,0.4,8092,1.9627,7.5292
273,outputs/run_0273.npz,50.0,0.3,18.0,35.0,2.0,0.4264,15.0,0.4,8092,2.2849,7.8108
274,outputs/run_0274.npz,50.0,0.3,20.0,25.0,2.0,0.5774,15.0,0.4,8092,1.7990,8.3752
275,outputs/run_0275.npz,50.0,0.3,20.0,30.0,2.0,0.5000,15.0,0.4,8092,2.1756,8.7042
276,outputs/run_0276.npz,50.0,0.3,20.0,35.0,2.0,0.4264,15.0,0.4,8092,2.5336,9.0172
277,outputs/run_0277.npz,50.0,0.3,22.0,25.0,2.0,0.5774,15.0,0.4,8092,1.9742,9.5174
278,outputs/run_0278.npz,50.0,0.3,22.0,30.0,2.0,0.5000,15.0,0.4,8092,2.3885,9.8793
279,outputs/run_0279.npz,50.0,0.3,22.0,35.0,2.0,0.4264,15.0,0.4,8092,2.7823,10.2235
280,outputs/run_0280.npz,100.0,0.3,18.0,25.0,2.0,0.5774,15.0,0.4,8092,1.1969,4.0645
281,outputs/run_0281.npz,100.0,0.3,18.0,30.0,2.0,0.5000,15.0,0.4,8092,1.4534,4.2869
282,outputs/run_0282.npz,100.0,0.3,18.0,35.0,2.0,0.4264,15.0,0.4,8092,1.6973,4.4983
283,outputs/run_0283.npz,100.0,0.3,20.0,25.0,2.0,0.5774,15.0,0.4,8092,1.3261,4.6842
284,outputs/run_0284.npz,100.0,0.3,20.0,30.0,2.0,0.5000,15.0,0.4,8092,1.6110,4.9312
285,outputs/run_0285.npz,100.0,0.3,20.0,35.0,2.0,0.4264,15.0,0.4,8092,1.8820,5.1662
286,outputs/run_0286.npz,100.0,0.3,22.0,25.0,2.0,0.5774,15.0,0.4,8092,1.4552,5.3039
287,outputs/run_0287.npz,100.0,0.3,22.0,30.0,2.0,0.5000,15.0,0.4,8092,1.7686,5.5756
288,outputs/run_0288.npz,100.0,0.3,22.0,35.0,2.0,0.4264,15.0,0.4,8092,2.0667,5.8341
289,outputs/run_0289.npz,150.0,0.3,18.0,25.0,2.0,0.5774,15.0,0.4,8092,0.9400,2.9042
290,outputs/run_0290.npz,150.0,0.3,18.0,30.0,2.0,0.5000,15.0,0.4,8092,1.1467,3.0819
291,outputs/run_0291.npz,150.0,0.3,18.0,35.0,2.0,0.4264,15.0,0.4,8092,1.3433,3.2510
292,outputs/run_0292.npz,150.0,0.3,20.0,25.0,2.0,0.5774,15.0,0.4,8092,1.0414,3.3384
293,outputs/run_0293.npz,150.0,0.3,20.0,30.0,2.0,0.5000,15.0,0.4,8092,1.2711,3.5359
294,outputs/run_0294.npz,150.0,0.3,20.0,35.0,2.0,0.4264,15.0,0.4,8092,1.4895,3.7238
295,outputs/run_0295.npz,150.0,0.3,22.0,25.0,2.0,0.5774,15.0,0.4,8092,1.1427,3.7727
296,outputs/run_0296.npz,150.0,0.3,22.0,30.0,2.0,0.5000,15.0,0.4,8092,1.3954,3.9899
297,outputs/run_0297.npz,150.0,0.3,22.0,35.0,2.0,0.4264,15.0,0.4,8092,1.6357,4.1966
298,outputs/run_0298.npz,300.0,0.3,18.0,25.0,2.0,0.5774,15.0,0.4,8092,0.5540,1.6240
299,outputs/run_0299.npz,300.0,0.3,18.0,30.0,2.0,0.5000,15.0,0.4,8092,0.6858,1.7345
300,outputs/run_0300.npz,300.0,0.3,18.0,35.0,2.0,0.4264,15.0,0.4,8092,0.8112,1.8396
301,outputs/run_0301.npz,300.0,0.3,20.0,25.0,2.0,0.5774,15.0,0.4,8092,0.6136,1.8599
302,outputs/run_0302.npz,300.0,0.3,20.0,30.0,2.0,0.5000,15.0,0.4,8092,0.7601,1.9827
303,outputs/run_0303.npz,300.0,0.3,20.0,35.0,2.0,0.4264,15.0,0.4,8092,0.8994,2.0995
304,outputs/run_0304.npz,300.0,0.3,22.0,25.0,2.0,0.5774,15.0,0.4,8092,0.6733,2.0957
305,outputs/run_0305.npz,300.0,0.3,22.0,30.0,2.0,0.5000,15.0,0.4,8092,0.8344,2.2308
306,outputs/run_0306.npz,300.0,0.3,22.0,35.0,2.0,0.4264,15.0,0.4,8092,0.9877,2.3593
307,outputs/run_0307.npz,500.0,0.3,18.0,25.0,2.0,0.5774,15.0,0.4,8092,0.3403,1.0539
308,outputs/run_0308.npz,500.0,0.3,18.0,30.0,2.0,0.5000,15.0,0.4,8092,0.4302,1.1268
309,outputs/run_0309.npz,500.0,0.3,18.0,35.0,2.0,0.4264,15.0,0.4,8092,0.5158,1.1962
310,outputs/run_0310.npz,500.0,0.3,20.0,25.0,2.0,0.5774,15.0,0.4,8092,0.3768,1.2041
311,outputs/run_0311.npz,500.0,0.3,20.0,30.0,2.0,0.5000,15.0,0.4,8092,0.4768,1.2851
312,outputs/run_0312.npz,500.0,0.3,20.0,35.0,2.0,0.4264,15.0,0.4,8092,0.5718,1.3622
313,outputs/run_0313.npz,500.0,0.3,22.0,25.0,2.0,0.5774,15.0,0.4,8092,0.4134,1.3543
314,outputs/run_0314.npz,500.0,0.3,22.0,30.0,2.0,0.5000,15.0,0.4,8092,0.5234,1.4434
315,outputs/run_0315.npz,500.0,0.3,22.0,35.0,2.0,0.4264,15.0,0.4,8092,0.6279,1.5282
316,outputs/run_0316.npz,50.0,0.3,18.0,25.0,2.0,0.5774,15.0,0.5,8628,1.0356,6.3745
317,outputs/run_0317.npz,50.0,0.3,18.0,30.0,2.0,0.5000,15.0,0.5,8628,1.2567,6.5654
318,outputs/run_0318.npz,50.0,0.3,18.0,35.0,2.0,0.4264,15.0,0.5,8628,1.4670,6.7470
319,outputs/run_0319.npz,50.0,0.3,20.0,25.0,2.0,0.5774,15.0,0.5,8628,1.1464,7.5113
320,outputs/run_0320.npz,50.0,0.3,20.0,30.0,2.0,0.5000,15.0,0.5,8628,1.3921,7.7234
321,outputs/run_0321.npz,50.0,0.3,20.0,35.0,2.0,0.4264,15.0,0.5,8628,1.6257,7.9251
322,outputs/run_0322.npz,50.0,0.3,22.0,25.0,2.0,0.5774,15.0,0.5,8628,1.2572,8.6480
323,outputs/run_0323.npz,50.0,0.3,22.0,30.0,2.0,0.5000,15.0,0.5,8628,1.5275,8.8813
324,outputs/run_0324.npz,50.0,0.3,22.0,35.0,2.0,0.4264,15.0,0.5,8628,1.7845,9.1032
325,outputs/run_0325.npz,100.0,0.3,18.0,25.0,2.0,0.5774,15.0,0.5,8628,0.8376,3.5580
326,outputs/run_0326.npz,100.0,0.3,18.0,30.0,2.0,0.5000,15.0,0.5,8628,1.0205,3.7148
327,outputs/run_0327.npz,100.0,0.3,18.0,35.0,2.0,0.4264,15.0,0.5,8628,1.1944,3.8640
328,outputs/run_0328.npz,100.0,0.3,20.0,25.0,2.0,0.5774,15.0,0.5,8628,0.9272,4.1663
329,outputs/run_0329.npz,100.0,0.3,20.0,30.0,2.0,0.5000,15.0,0.5,8628,1.1305,4.3406
330,outputs/run_0330.npz,100.0,0.3,20.0,35.0,2.0,0.4264,15.0,0.5,8628,1.3237,4.5063
331,outputs/run_0331.npz,100.0,0.3,22.0,25.0,2.0,0.5774,15.0,0.5,8628,1.0168,4.7747
332,outputs/run_0332.npz,100.0,0.3,22.0,30.0,2.0,0.5000,15.0,0.5,8628,1.2404,4.9663
333,outputs/run_0333.npz,100.0,0.3,22.0,35.0,2.0,0.4264,15.0,0.5,8628,1.4529,5.1486
334,outputs/run_0334.npz,150.0,0.3,18.0,25.0,2.0,0.5774,15.0,0.5,8628,0.6994,2.5539
335,outputs/run_0335.npz,150.0,0.3,18.0,30.0,2.0,0.5000,15.0,0.5,8628,0.8556,2.6868
336,outputs/run_0336.npz,150.0,0.3,18.0,35.0,2.0,0.4264,15.0,0.5,8628,1.0041,2.8133
337,outputs/run_0337.npz,150.0,0.3,20.0,25.0,2.0,0.5774,15.0,0.5,8628,0.7742,2.9790
338,outputs/run_0338.npz,150.0,0.3,20.0,30.0,2.0,0.5000,15.0,0.5,8628,0.9478,3.1268
339,outputs/run_0339.npz,150.0,0.3,20.0,35.0,2.0,0.4264,15.0,0.5,8628,1.1128,3.2673
340,outputs/run_0340.npz,150.0,0.3,22.0,25.0,2.0,0.5774,15.0,0.5,8628,0.8490,3.4042
341,outputs/run_0341.npz,150.0,0.3,22.0,30.0,2.0,0.5000,15.0,0.5,8628,1.0399,3.5667
342,outputs/run_0342.npz,150.0,0.3,22.0,35.0,2.0,0.4264,15.0,0.5,8628,1.2214,3.7213
343,outputs/run_0343.npz,300.0,0.3,18.0,25.0,2.0,0.5774,15.0,0.5,8628,0.4574,1.4545
344,outputs/run_0344.npz,300.0,0.3,18.0,30.0,2.0,0.5000,15.0,0.5,8628,0.5667,1.5455
345,outputs/run_0345.npz,300.0,0.3,18.0,35.0,2.0,0.4264,15.0,0.5,8628,0.6706,1.6321
346,outputs/run_0346.npz,300.0,0.3,20.0,25.0,2.0,0.5774,15.0,0.5,8628,0.5063,1.6863
347,outputs/run_0347.npz,300.0,0.3,20.0,30.0,2.0,0.5000,15.0,0.5,8628,0.6277,1.7874
348,outputs/run_0348.npz,300.0,0.3,20.0,35.0,2.0,0.4264,15.0,0.5,8628,0.7431,1.8836
349,outputs/run_0349.npz,300.0,0.3,22.0,25.0,2.0,0.5774,15.0,0.5,8628,0.5551,1.9181
350,outputs/run_0350.npz,300.0,0.3,22.0,30.0,2.0,0.5000,15.0,0.5,8628,0.6887,2.0293
351,outputs/run_0351.npz,300.0,0.3,22.0,35.0,2.0,0.4264,15.0,0.5,8628,0.8156,2.1351
352,outputs/run_0352.npz,500.0,0.3,18.0,25.0,2.0,0.5774,15.0,0.5,8628,0.3012,0.9587
353,outputs/run_0353.npz,500.0,0.3,18.0,30.0,2.0,0.5000,15.0,0.5,8628,0.3800,1.0223
354,outputs/run_0354.npz,500.0,0.3,18.0,35.0,2.0,0.4264,15.0,0.5,8628,0.4549,1.0829
355,outputs/run_0355.npz,500.0,0.3,20.0,25.0,2.0,0.5774,15.0,0.5,8628,0.3333,1.1071
356,outputs/run_0356.npz,500.0,0.3,20.0,30.0,2.0,0.5000,15.0,0.5,8628,0.4208,1.1778
357,outputs/run_0357.npz,500.0,0.3,20.0,35.0,2.0,0.4264,15.0,0.5,8628,0.5040,1.2451
358,outputs/run_0358.npz,500.0,0.3,22.0,25.0,2.0,0.5774,15.0,0.5,8628,0.3654,1.2555
359,outputs/run_0359.npz,500.0,0.3,22.0,30.0,2.0,0.5000,15.0,0.5,8628,0.4617,1.3333
360,outputs/run_0360.npz,500.0,0.3,22.0,35.0,2.0,0.4264,15.0,0.5,8628,0.5532,1.4073
361,outputs/run_0361.npz,50.0,0.3,18.0,25.0,2.0,0.5774,20.0,0.2,7449,5.2324,10.8425
362,outputs/run_0362.npz,50.0,0.3,18.0,30.0,2.0,0.5000,20.0,0.2,7449,6.2822,11.8005
363,outputs/run_0363.npz,50.0,0.3,18.0,35.0,2.0,0.4264,20.0,0.2,7449,7.2804,12.7115
364,outputs/run_0364.npz,50.0,0.3,20.0,25.0,2.0,0.5774,20.0,0.2,7449,5.8093,12.1928
365,outputs/run_0365.npz,50.0,0.3,20.0,30.0,2.0,0.5000,20.0,0.2,7449,6.9758,13.2574
366,outputs/run_0366.npz,50.0,0.3,20.0,35.0,2.0,0.4264,20.0,0.2,7449,8.0849,14.2696
367,outputs/run_0367.npz,50.0,0.3,22.0,25.0,2.0,0.5774,20.0,0.2,7449,6.3863,13.5432
368,outputs/run_0368.npz,50.0,0.3,22.0,30.0,2.0,0.5000,20.0,0.2,7449,7.6694,14.7142
369,outputs/run_0369.npz,50.0,0.3,22.0,35.0,2.0,0.4264,20.0,0.2,7449,8.8894,15.8276
370,outputs/run_0370.npz,100.0,0.3,18.0,25.0,2.0,0.5774,20.0,0.2,7449,2.8497,5.8873
371,outputs/run_0371.npz,100.0,0.3,18.0,30.0,2.0,0.5000,20.0,0.2,7449,3.4491,6.4264
372,outputs/run_0372.npz,100.0,0.3,18.0,35.0,2.0,0.4264,20.0,0.2,7449,4.0191,6.9389
373,outputs/run_0373.npz,100.0,0.3,20.0,25.0,2.0,0.5774,20.0,0.2,7449,3.1638,6.6140
374,outputs/run_0374.npz,100.0,0.3,20.0,30.0,2.0,0.5000,20.0,0.2,7449,3.8299,7.2129
375,outputs/run_0375.npz,100.0,0.3,20.0,35.0,2.0,0.4264,20.0,0.2,7449,4.4632,7.7824
376,outputs/run_0376.npz,100.0,0.3,22.0,25.0,2.0,0.5774,20.0,0.2,7449,3.4780,7.3407
377,outputs/run_0377.npz,100.0,0.3,22.0,30.0,2.0,0.5000,20.0,0.2,7449,4.2107,7.9995
378,outputs/run_0378.npz,100.0,0.3,22.0,35.0,2.0,0.4264,20.0,0.2,7449,4.9073,8.6259
379,outputs/run_0379.npz,150.0,0.3,18.0,25.0,2.0,0.5774,20.0,0.2,7449,1.9139,4.0957
380,outputs/run_0380.npz,150.0,0.3,18.0,30.0,2.0,0.5000,20.0,0.2,7449,2.3359,4.4692
381,outputs/run_0381.npz,150.0,0.3,18.0,35.0,2.0,0.4264,20.0,0.2,7449,2.7372,4.8243
382,outputs/run_0382.npz,150.0,0.3,20.0,25.0,2.0,0.5774,20.0,0.2,7449,2.1248,4.5991
383,outputs/run_0383.npz,150.0,0.3,20.0,30.0,2.0,0.5000,20.0,0.2,7449,2.5937,5.0140
384,outputs/run_0384.npz,150.0,0.3,20.0,35.0,2.0,0.4264,20.0,0.2,7449,3.0397,5.4086
385,outputs/run_0385.npz,150.0,0.3,22.0,25.0,2.0,0.5774,20.0,0.2,7449,2.3358,5.1024
386,outputs/run_0386.npz,150.0,0.3,22.0,30.0,2.0,0.5000,20.0,0.2,7449,2.8516,5.5589
387,outputs/run_0387.npz,150.0,0.3,22.0,35.0,2.0,0.4264,20.0,0.2,7449,3.3421,5.9929
388,outputs/run_0388.npz,300.0,0.3,18.0,25.0,2.0,0.5774,20.0,0.2,7449,0.8958,2.2114
389,outputs/run_0389.npz,300.0,0.3,18.0,30.0,2.0,0.5000,20.0,0.2,7449,1.1233,2.4033
390,outputs/run_0390.npz,300.0,0.3,18.0,35.0,2.0,0.4264,20.0,0.2,7449,1.3396,2.5857
391,outputs/run_0391.npz,300.0,0.3,20.0,25.0,2.0,0.5774,20.0,0.2,7449,0.9945,2.4812
392,outputs/run_0392.npz,300.0,0.3,20.0,30.0,2.0,0.5000,20.0,0.2,7449,1.2473,2.6944
393,outputs/run_0393.npz,300.0,0.3,20.0,35.0,2.0,0.4264,20.0,0.2,7449,1.4876,2.8971
394,outputs/run_0394.npz,300.0,0.3,22.0,25.0,2.0,0.5774,20.0,0.2,7449,1.0932,2.7510
395,outputs/run_0395.npz,300.0,0.3,22.0,30.0,2.0,0.5000,20.0,0.2,7449,1.3712,2.9855
396,outputs/run_0396.npz,300.0,0.3,22.0,35.0,2.0,0.4264,20.0,0.2,7449,1.6356,3.2085
397,outputs/run_0397.npz,500.0,0.3,18.0,25.0,2.0,0.5774,20.0,0.2,7449,0.4686,1.4229
398,outputs/run_0398.npz,500.0,0.3,18.0,30.0,2.0,0.5000,20.0,0.2,7449,0.6127,1.5372
399,outputs/run_0399.npz,500.0,0.3,18.0,35.0,2.0,0.4264,20.0,0.2,7449,0.7497,1.6459
400,outputs/run_0400.npz,500.0,0.3,20.0,25.0,2.0,0.5774,20.0,0.2,7449,0.5202,1.5954
401,outputs/run_0401.npz,500.0,0.3,20.0,30.0,2.0,0.5000,20.0,0.2,7449,0.6803,1.7224
402,outputs/run_0402.npz,500.0,0.3,20.0,35.0,2.0,0.4264,20.0,0.2,7449,0.8325,1.8432
403,outputs/run_0403.npz,500.0,0.3,22.0,25.0,2.0,0.5774,20.0,0.2,7449,0.5718,1.7680
404,outputs/run_0404.npz,500.0,0.3,22.0,30.0,2.0,0.5000,20.0,0.2,7449,0.7478,1.9076
405,outputs/run_0405.npz,500.0,0.3,22.0,35.0,2.0,0.4264,20.0,0.2,7449,0.9153,2.0404
406,outputs/run_0406.npz,50.0,0.3,18.0,25.0,2.0,0.5774,20.0,0.3,7785,3.5061,8.7944
407,outputs/run_0407.npz,50.0,0.3,18.0,30.0,2.0,0.5000,20.0,0.3,7785,4.2113,9.4328
408,outputs/run_0408.npz,50.0,0.3,18.0,35.0,2.0,0.4264,20.0,0.3,7785,4.8819,10.0398
409,outputs/run_0409.npz,50.0,0.3,20.0,25.0,2.0,0.5774,20.0,0.3,7785,3.8911,9.9935
410,outputs/run_0410.npz,50.0,0.3,20.0,30.0,2.0,0.5000,20.0,0.3,7785,4.6747,10.7029
411,outputs/run_0411.npz,50.0,0.3,20.0,35.0,2.0,0.4264,20.0,0.3,7785,5.4198,11.3773
412,outputs/run_0412.npz,50.0,0.3,22.0,25.0,2.0,0.5774,20.0,0.3,7785,4.2761,11.1927
413,outputs/run_0413.npz,50.0,0.3,22.0,30.0,2.0,0.5000,20.0,0.3,7785,5.1381,11.9729
414,outputs/run_0414.npz,50.0,0.3,22.0,35.0,2.0,0.4264,20.0,0.3,7785,5.9577,12.7149
415,outputs/run_0415.npz,100.0,0.3,18.0,25.0,2.0,0.5774,20.0,0.3,7785,2.2483,5.0323
416,outputs/run_0416.npz,100.0,0.3,18.0,30.0,2.0,0.5000,20.0,0.3,7785,2.7159,5.4514
417,outputs/run_0417.npz,100.0,0.3,18.0,35.0,2.0,0.4264,20.0,0.3,7785,3.1606,5.8499
418,outputs/run_0418.npz,100.0,0.3,20.0,25.0,2.0,0.5774,20.0,0.3,7785,2.4952,5.7017
419,outputs/run_0419.npz,100.0,0.3,20.0,30.0,2.0,0.5000,20.0,0.3,7785,3.0147,6.1674
420,outputs/run_0420.npz,100.0,0.3,20.0,35.0,2.0,0.4264,20.0,0.3,7785,3.5088,6.6102
421,outputs/run_0421.npz,100.0,0.3,22.0,25.0,2.0,0.5774,20.0,0.3,7785,2.7420,6.3712
422,outputs/run_0422.npz,100.0,0.3,22.0,30.0,2.0,0.5000,20.0,0.3,7785,3.3135,6.8834
423,outputs/run_0423.npz,100.0,0.3,22.0,35.0,2.0,0.4264,20.0,0.3,7785,3.8570,7.3705
424,outputs/run_0424.npz,150.0,0.3,18.0,25.0,2.0,0.5774,20.0,0.3,7785,1.6327,3.5928
425,outputs/run_0425.npz,150.0,0.3,18.0,30.0,2.0,0.5000,20.0,0.3,7785,1.9837,3.9042
426,outputs/run_0426.npz,150.0,0.3,18.0,35.0,2.0,0.4264,20.0,0.3,7785,2.3175,4.2002
427,outputs/run_0427.npz,150.0,0.3,20.0,25.0,2.0,0.5774,20.0,0.3,7785,1.8119,4.0653
428,outputs/run_0428.npz,150.0,0.3,20.0,30.0,2.0,0.5000,20.0,0.3,7785,2.2019,4.4113
429,outputs/run_0429.npz,150.0,0.3,20.0,35.0,2.0,0.4264,20.0,0.3,7785,2.5728,4.7402
430,outputs/run_0430.npz,150.0,0.3,22.0,25.0,2.0,0.5774,20.0,0.3,7785,1.9911,4.5379
431,outputs/run_0431.npz,150.0,0.3,22.0,30.0,2.0,0.5000,20.0,0.3,7785,2.4202,4.9184
432,outputs/run_0432.npz,150.0,0.3,22.0,35.0,2.0,0.4264,20.0,0.3,7785,2.8282,5.2802
433,outputs/run_0433.npz,300.0,0.3,18.0,25.0,2.0,0.5774,20.0,0.3,7785,0.8555,1.9950
434,outputs/run_0434.npz,300.0,0.3,18.0,30.0,2.0,0.5000,20.0,0.3,7785,1.0588,2.1694
435,outputs/run_0435.npz,300.0,0.3,18.0,35.0,2.0,0.4264,20.0,0.3,7785,1.2521,2.3353
436,outputs/run_0436.npz,300.0,0.3,20.0,25.0,2.0,0.5774,20.0,0.3,7785,0.9494,2.2532
437,outputs/run_0437.npz,300.0,0.3,20.0,30.0,2.0,0.5000,20.0,0.3,7785,1.1752,2.4470
438,outputs/run_0438.npz,300.0,0.3,20.0,35.0,2.0,0.4264,20.0,0.3,7785,1.3900,2.6312
439,outputs/run_0439.npz,300.0,0.3,22.0,25.0,2.0,0.5774,20.0,0.3,7785,1.0432,2.5113
440,outputs/run_0440.npz,300.0,0.3,22.0,30.0,2.0,0.5000,20.0,0.3,7785,1.2917,2.7245
441,outputs/run_0441.npz,300.0,0.3,22.0,35.0,2.0,0.4264,20.0,0.3,7785,1.5280,2.9272
442,outputs/run_0442.npz,500.0,0.3,18.0,25.0,2.0,0.5774,20.0,0.3,7785,0.4870,1.2932
443,outputs/run_0443.npz,500.0,0.3,18.0,30.0,2.0,0.5000,20.0,0.3,7785,0.6194,1.4017
444,outputs/run_0444.npz,500.0,0.3,18.0,35.0,2.0,0.4264,20.0,0.3,7785,0.7452,1.5051
445,outputs/run_0445.npz,500.0,0.3,20.0,25.0,2.0,0.5774,20.0,0.3,7785,0.5404,1.4587
446,outputs/run_0446.npz,500.0,0.3,20.0,30.0,2.0,0.5000,20.0,0.3,7785,0.6875,1.5793
447,outputs/run_0447.npz,500.0,0.3,20.0,35.0,2.0,0.4264,20.0,0.3,7785,0.8273,1.6941
448,outputs/run_0448.npz,500.0,0.3,22.0,25.0,2.0,0.5774,20.0,0.3,7785,0.5938,1.6243
449,outputs/run_0449.npz,500.0,0.3,22.0,30.0,2.0,0.5000,20.0,0.3,7785,0.7555,1.7568
450,outputs/run_0450.npz,500.0,0.3,22.0,35.0,2.0,0.4264,20.0,0.3,7785,0.9094,1.8832
451,outputs/run_0451.npz,50.0,0.3,18.0,25.0,2.0,0.5774,20.0,0.4,8205,2.2020,7.2378
452,outputs/run_0452.npz,50.0,0.3,18.0,30.0,2.0,0.5000,20.0,0.4,8205,2.6518,7.6411
453,outputs/run_0453.npz,50.0,0.3,18.0,35.0,2.0,0.4264,20.0,0.4,8205,3.0795,8.0246
454,outputs/run_0454.npz,50.0,0.3,20.0,25.0,2.0,0.5774,20.0,0.4,8205,2.4428,8.3421
455,outputs/run_0455.npz,50.0,0.3,20.0,30.0,2.0,0.5000,20.0,0.4,8205,2.9425,8.7902
456,outputs/run_0456.npz,50.0,0.3,20.0,35.0,2.0,0.4264,20.0,0.4,8205,3.4178,9.2163
457,outputs/run_0457.npz,50.0,0.3,22.0,25.0,2.0,0.5774,20.0,0.4,8205,2.6835,9.4464
458,outputs/run_0458.npz,50.0,0.3,22.0,30.0,2.0,0.5000,20.0,0.4,8205,3.2333,9.9393
459,outputs/run_0459.npz,50.0,0.3,22.0,35.0,2.0,0.4264,20.0,0.4,8205,3.7560,10.4080
460,outputs/run_0460.npz,100.0,0.3,18.0,25.0,2.0,0.5774,20.0,0.4,8205,1.6192,4.2344
461,outputs/run_0461.npz,100.0,0.3,18.0,30.0,2.0,0.5000,20.0,0.4,8205,1.9588,4.5363
462,outputs/run_0462.npz,100.0,0.3,18.0,35.0,2.0,0.4264,20.0,0.4,8205,2.2818,4.8235
463,outputs/run_0463.npz,100.0,0.3,20.0,25.0,2.0,0.5774,20.0,0.4,8205,1.7962,4.8540
464,outputs/run_0464.npz,100.0,0.3,20.0,30.0,2.0,0.5000,20.0,0.4,8205,2.1736,5.1895
465,outputs/run_0465.npz,100.0,0.3,20.0,35.0,2.0,0.4264,20.0,0.4,8205,2.5324,5.5086
466,outputs/run_0466.npz,100.0,0.3,22.0,25.0,2.0,0.5774,20.0,0.4,8205,1.9732,5.4736
467,outputs/run_0467.npz,100.0,0.3,22.0,30.0,2.0,0.5000,20.0,0.4,8205,2.3883,5.8426
468,outputs/run_0468.npz,100.0,0.3,22.0,35.0,2.0,0.4264,20.0,0.4,8205,2.7830,6.1936
469,outputs/run_0469.npz,150.0,0.3,18.0,25.0,2.0,0.5774,20.0,0.4,8205,1.2696,3.0886
470,outputs/run_0470.npz,150.0,0.3,18.0,30.0,2.0,0.5000,20.0,0.4,8205,1.5431,3.3295
471,outputs/run_0471.npz,150.0,0.3,18.0,35.0,2.0,0.4264,20.0,0.4,8205,1.8031,3.5587
472,outputs/run_0472.npz,150.0,0.3,20.0,25.0,2.0,0.5774,20.0,0.4,8205,1.4083,3.5308
473,outputs/run_0473.npz,150.0,0.3,20.0,30.0,2.0,0.5000,20.0,0.4,8205,1.7122,3.7985
474,outputs/run_0474.npz,150.0,0.3,20.0,35.0,2.0,0.4264,20.0,0.4,8205,2.0012,4.0532
475,outputs/run_0475.npz,150.0,0.3,22.0,25.0,2.0,0.5774,20.0,0.4,8205,1.5471,3.9730
476,outputs/run_0476.npz,150.0,0.3,22.0,30.0,2.0,0.5000,20.0,0.4,8205,1.8814,4.2674
477,outputs/run_0477.npz,150.0,0.3,22.0,35.0,2.0,0.4264,20.0,0.4,8205,2.1992,4.5476
478,outputs/run_0478.npz,300.0,0.3,18.0,25.0,2.0,0.5774,20.0,0.4,8205,0.7461,1.7775
479,outputs/run_0479.npz,300.0,0.3,18.0,30.0,2.0,0.5000,20.0,0.4,8205,0.9203,1.9269
480,outputs/run_0480.npz,300.0,0.3,18.0,35.0,2.0,0.4264,20.0,0.4,8205,1.0858,2.0690
481,outputs/run_0481.npz,300.0,0.3,20.0,25.0,2.0,0.5774,20.0,0.4,8205,0.8276,2.0243
482,outputs/run_0482.npz,300.0,0.3,20.0,30.0,2.0,0.5000,20.0,0.4,8205,1.0211,2.1902
483,outputs/run_0483.npz,300.0,0.3,20.0,35.0,2.0,0.4264,20.0,0.4,8205,1.2051,2.3481
484,outputs/run_0484.npz,300.0,0.3,22.0,25.0,2.0,0.5774,20.0,0.4,8205,0.9091,2.2710
485,outputs/run_0485.npz,300.0,0.3,22.0,30.0,2.0,0.5000,20.0,0.4,8205,1.1219,2.4536
486,outputs/run_0486.npz,300.0,0.3,22.0,35.0,2.0,0.4264,20.0,0.4,8205,1.3243,2.6272
487,outputs/run_0487.npz,500.0,0.3,18.0,25.0,2.0,0.5774,20.0,0.4,8205,0.4573,1.1737
488,outputs/run_0488.npz,500.0,0.3,18.0,30.0,2.0,0.5000,20.0,0.4,8205,0.5760,1.2721
489,outputs/run_0489.npz,500.0,0.3,18.0,35.0,2.0,0.4264,20.0,0.4,8205,0.6889,1.3657
490,outputs/run_0490.npz,500.0,0.3,20.0,25.0,2.0,0.5774,20.0,0.4,8205,0.5072,1.3336
491,outputs/run_0491.npz,500.0,0.3,20.0,30.0,2.0,0.5000,20.0,0.4,8205,0.6391,1.4429
492,outputs/run_0492.npz,500.0,0.3,20.0,35.0,2.0,0.4264,20.0,0.4,8205,0.7645,1.5468
493,outputs/run_0493.npz,500.0,0.3,22.0,25.0,2.0,0.5774,20.0,0.4,8205,0.5571,1.4934
494,outputs/run_0494.npz,500.0,0.3,22.0,30.0,2.0,0.5000,20.0,0.4,8205,0.7022,1.6137
495,outputs/run_0495.npz,500.0,0.3,22.0,35.0,2.0,0.4264,20.0,0.4,8205,0.8401,1.7280
496,outputs/run_0496.npz,50.0,0.3,18.0,25.0,2.0,0.5774,20.0,0.5,8729,1.4057,6.1900
497,outputs/run_0497.npz,50.0,0.3,18.0,30.0,2.0,0.5000,20.0,0.5,8729,1.6997,6.4506
498,outputs/run_0498.npz,50.0,0.3,18.0,35.0,2.0,0.4264,20.0,0.5,8729,1.9793,6.6983
499,outputs/run_0499.npz,50.0,0.3,20.0,25.0,2.0,0.5774,20.0,0.5,8729,1.5587,7.2570
500,outputs/run_0500.npz,50.0,0.3,20.0,30.0,2.0,0.5000,20.0,0.5,8729,1.8854,7.5465
501,outputs/run_0501.npz,50.0,0.3,20.0,35.0,2.0,0.4264,20.0,0.5,8729,2.1960,7.8218
502,outputs/run_0502.npz,50.0,0.3,22.0,25.0,2.0,0.5774,20.0,0.5,8729,1.7116,8.3240
503,outputs/run_0503.npz,50.0,0.3,22.0,30.0,2.0,0.5000,20.0,0.5,8729,2.0710,8.6425
504,outputs/run_0504.npz,50.0,0.3,22.0,35.0,2.0,0.4264,20.0,0.5,8729,2.4127,8.9453
505,outputs/run_0505.npz,100.0,0.3,18.0,25.0,2.0,0.5774,20.0,0.5,8729,1.1345,3.6064
506,outputs/run_0506.npz,100.0,0.3,18.0,30.0,2.0,0.5000,20.0,0.5,8729,1.3772,3.8199
507,outputs/run_0507.npz,100.0,0.3,18.0,35.0,2.0,0.4264,20.0,0.5,8729,1.6081,4.0230
508,outputs/run_0508.npz,100.0,0.3,20.0,25.0,2.0,0.5774,20.0,0.5,8729,1.2580,4.1957
509,outputs/run_0509.npz,100.0,0.3,20.0,30.0,2.0,0.5000,20.0,0.5,8729,1.5276,4.4330
510,outputs/run_0510.npz,100.0,0.3,20.0,35.0,2.0,0.4264,20.0,0.5,8729,1.7841,4.6586
511,outputs/run_0511.npz,100.0,0.3,22.0,25.0,2.0,0.5774,20.0,0.5,8729,1.3814,4.7851
512,outputs/run_0512.npz,100.0,0.3,22.0,30.0,2.0,0.5000,20.0,0.5,8729,1.6781,5.0461
513,outputs/run_0513.npz,100.0,0.3,22.0,35.0,2.0,0.4264,20.0,0.5,8729,1.9602,5.2942
514,outputs/run_0514.npz,150.0,0.3,18.0,25.0,2.0,0.5774,20.0,0.5,8729,0.9459,2.6538
515,outputs/run_0515.npz,150.0,0.3,18.0,30.0,2.0,0.5000,20.0,0.5,8729,1.1529,2.8346
516,outputs/run_0516.npz,150.0,0.3,18.0,35.0,2.0,0.4264,20.0,0.5,8729,1.3497,3.0065
517,outputs/run_0517.npz,150.0,0.3,20.0,25.0,2.0,0.5774,20.0,0.5,8729,1.0488,3.0740
518,outputs/run_0518.npz,150.0,0.3,20.0,30.0,2.0,0.5000,20.0,0.5,8729,1.2788,3.2749
519,outputs/run_0519.npz,150.0,0.3,20.0,35.0,2.0,0.4264,20.0,0.5,8729,1.4975,3.4659
520,outputs/run_0520.npz,150.0,0.3,22.0,25.0,2.0,0.5774,20.0,0.5,8729,1.1517,3.4942
521,outputs/run_0521.npz,150.0,0.3,22.0,30.0,2.0,0.5000,20.0,0.5,8729,1.4047,3.7151
522,outputs/run_0522.npz,150.0,0.3,22.0,35.0,2.0,0.4264,20.0,0.5,8729,1.6453,3.9252
523,outputs/run_0523.npz,300.0,0.3,18.0,25.0,2.0,0.5774,20.0,0.5,8729,0.6167,1.5692
524,outputs/run_0524.npz,300.0,0.3,18.0,30.0,2.0,0.5000,20.0,0.5,8729,0.7613,1.6925
525,outputs/run_0525.npz,300.0,0.3,18.0,35.0,2.0,0.4264,20.0,0.5,8729,0.8987,1.8098
526,outputs/run_0526.npz,300.0,0.3,20.0,25.0,2.0,0.5774,20.0,0.5,8729,0.6838,1.8058
527,outputs/run_0527.npz,300.0,0.3,20.0,30.0,2.0,0.5000,20.0,0.5,8729,0.8444,1.9428
528,outputs/run_0528.npz,300.0,0.3,20.0,35.0,2.0,0.4264,20.0,0.5,8729,0.9971,2.0732
529,outputs/run_0529.npz,300.0,0.3,22.0,25.0,2.0,0.5774,20.0,0.5,8729,0.7508,2.0423
530,outputs/run_0530.npz,300.0,0.3,22.0,30.0,2.0,0.5000,20.0,0.5,8729,0.9275,2.1931
531,outputs/run_0531.npz,300.0,0.3,22.0,35.0,2.0,0.4264,20.0,0.5,8729,1.0954,2.3365
532,outputs/run_0532.npz,500.0,0.3,18.0,25.0,2.0,0.5774,20.0,0.5,8729,0.4052,1.0580
533,outputs/run_0533.npz,500.0,0.3,18.0,30.0,2.0,0.5000,20.0,0.5,8729,0.5092,1.1440
534,outputs/run_0534.npz,500.0,0.3,18.0,35.0,2.0,0.4264,20.0,0.5,8729,0.6081,1.2260
535,outputs/run_0535.npz,500.0,0.3,20.0,25.0,2.0,0.5774,20.0,0.5,8729,0.4492,1.2127
536,outputs/run_0536.npz,500.0,0.3,20.0,30.0,2.0,0.5000,20.0,0.5,8729,0.5647,1.3083
537,outputs/run_0537.npz,500.0,0.3,20.0,35.0,2.0,0.4264,20.0,0.5,8729,0.6747,1.3993
538,outputs/run_0538.npz,500.0,0.3,22.0,25.0,2.0,0.5774,20.0,0.5,8729,0.4932,1.3674
539,outputs/run_0539.npz,500.0,0.3,22.0,30.0,2.0,0.5000,20.0,0.5,8729,0.6203,1.4726
540,outputs/run_0540.npz,500.0,0.3,22.0,35.0,2.0,0.4264,20.0,0.5,8729,0.7412,1.5727
541,outputs/run_0541.npz,50.0,0.3,18.0,25.0,2.0,0.5774,25.0,0.2,7557,6.5550,11.6480
542,outputs/run_0542.npz,50.0,0.3,18.0,30.0,2.0,0.5000,25.0,0.2,7557,7.8589,12.8466
543,outputs/run_0543.npz,50.0,0.3,18.0,35.0,2.0,0.4264,25.0,0.2,7557,9.0988,13.9862
544,outputs/run_0544.npz,50.0,0.3,20.0,25.0,2.0,0.5774,25.0,0.2,7557,7.2794,13.0719
545,outputs/run_0545.npz,50.0,0.3,20.0,30.0,2.0,0.5000,25.0,0.2,7557,8.7283,14.4037
546,outputs/run_0546.npz,50.0,0.3,20.0,35.0,2.0,0.4264,25.0,0.2,7557,10.1059,15.6699
547,outputs/run_0547.npz,50.0,0.3,22.0,25.0,2.0,0.5774,25.0,0.2,7557,8.0039,14.4958
548,outputs/run_0548.npz,50.0,0.3,22.0,30.0,2.0,0.5000,25.0,0.2,7557,9.5977,15.9607
549,outputs/run_0549.npz,50.0,0.3,22.0,35.0,2.0,0.4264,25.0,0.2,7557,11.1131,17.3536
550,outputs/run_0550.npz,100.0,0.3,18.0,25.0,2.0,0.5774,25.0,0.2,7557,3.5659,6.4041
551,outputs/run_0551.npz,100.0,0.3,18.0,30.0,2.0,0.5000,25.0,0.2,7557,4.3100,7.0773
552,outputs/run_0552.npz,100.0,0.3,18.0,35.0,2.0,0.4264,25.0,0.2,7557,5.0174,7.7175
553,outputs/run_0553.npz,100.0,0.3,20.0,25.0,2.0,0.5774,25.0,0.2,7557,3.9600,7.1802
554,outputs/run_0554.npz,100.0,0.3,20.0,30.0,2.0,0.5000,25.0,0.2,7557,4.7867,7.9283
555,outputs/run_0555.npz,100.0,0.3,20.0,35.0,2.0,0.4264,25.0,0.2,7557,5.5728,8.6396
556,outputs/run_0556.npz,100.0,0.3,22.0,25.0,2.0,0.5774,25.0,0.2,7557,4.3541,7.9563
557,outputs/run_0557.npz,100.0,0.3,22.0,30.0,2.0,0.5000,25.0,0.2,7557,5.2635,8.7792
558,outputs/run_0558.npz,100.0,0.3,22.0,35.0,2.0,0.4264,25.0,0.2,7557,6.1282,9.5616
559,outputs/run_0559.npz,150.0,0.3,18.0,25.0,2.0,0.5774,25.0,0.2,7557,2.3933,4.4815
560,outputs/run_0560.npz,150.0,0.3,18.0,30.0,2.0,0.5000,25.0,0.2,7557,2.9171,4.9477
561,outputs/run_0561.npz,150.0,0.3,18.0,35.0,2.0,0.4264,25.0,0.2,7557,3.4151,5.3910
562,outputs/run_0562.npz,150.0,0.3,20.0,25.0,2.0,0.5774,25.0,0.2,7557,2.6577,5.0225
563,outputs/run_0563.npz,150.0,0.3,20.0,30.0,2.0,0.5000,25.0,0.2,7557,3.2397,5.5404
564,outputs/run_0564.npz,150.0,0.3,20.0,35.0,2.0,0.4264,25.0,0.2,7557,3.7931,6.0330
565,outputs/run_0565.npz,150.0,0.3,22.0,25.0,2.0,0.5774,25.0,0.2,7557,2.9222,5.5634
566,outputs/run_0566.npz,150.0,0.3,22.0,30.0,2.0,0.5000,25.0,0.2,7557,3.5624,6.1332
567,outputs/run_0567.npz,150.0,0.3,22.0,35.0,2.0,0.4264,25.0,0.2,7557,4.1711,6.6749
568,outputs/run_0568.npz,300.0,0.3,18.0,25.0,2.0,0.5774,25.0,0.2,7557,1.1184,2.4441
569,outputs/run_0569.npz,300.0,0.3,18.0,30.0,2.0,0.5000,25.0,0.2,7557,1.4007,2.6833
570,outputs/run_0570.npz,300.0,0.3,18.0,35.0,2.0,0.4264,25.0,0.2,7557,1.6691,2.9109
571,outputs/run_0571.npz,300.0,0.3,20.0,25.0,2.0,0.5774,25.0,0.2,7557,1.2420,2.7370
572,outputs/run_0572.npz,300.0,0.3,20.0,30.0,2.0,0.5000,25.0,0.2,7557,1.5556,3.0029
573,outputs/run_0573.npz,300.0,0.3,20.0,35.0,2.0,0.4264,25.0,0.2,7557,1.8538,3.2557
574,outputs/run_0574.npz,300.0,0.3,22.0,25.0,2.0,0.5774,25.0,0.2,7557,1.3655,3.0300
575,outputs/run_0575.npz,300.0,0.3,22.0,30.0,2.0,0.5000,25.0,0.2,7557,1.7105,3.3225
576,outputs/run_0576.npz,300.0,0.3,22.0,35.0,2.0,0.4264,25.0,0.2,7557,2.0385,3.6006
577,outputs/run_0577.npz,500.0,0.3,18.0,25.0,2.0,0.5774,25.0,0.2,7557,0.5840,1.5860
578,outputs/run_0578.npz,500.0,0.3,18.0,30.0,2.0,0.5000,25.0,0.2,7557,0.7628,1.7284
579,outputs/run_0579.npz,500.0,0.3,18.0,35.0,2.0,0.4264,25.0,0.2,7557,0.9327,1.8639
580,outputs/run_0580.npz,500.0,0.3,20.0,25.0,2.0,0.5774,25.0,0.2,7557,0.6485,1.7750
581,outputs/run_0581.npz,500.0,0.3,20.0,30.0,2.0,0.5000,25.0,0.2,7557,0.8471,1.9333
582,outputs/run_0582.npz,500.0,0.3,20.0,35.0,2.0,0.4264,25.0,0.2,7557,1.0360,2.0838
583,outputs/run_0583.npz,500.0,0.3,22.0,25.0,2.0,0.5774,25.0,0.2,7557,0.7129,1.9641
584,outputs/run_0584.npz,500.0,0.3,22.0,30.0,2.0,0.5000,25.0,0.2,7557,0.9314,2.1382
585,outputs/run_0585.npz,500.0,0.3,22.0,35.0,2.0,0.4264,25.0,0.2,7557,1.1392,2.3038
586,outputs/run_0586.npz,50.0,0.3,18.0,25.0,2.0,0.5774,25.0,0.3,7977,4.4004,9.1703
587,outputs/run_0587.npz,50.0,0.3,18.0,30.0,2.0,0.5000,25.0,0.3,7977,5.2781,9.9715
588,outputs/run_0588.npz,50.0,0.3,18.0,35.0,2.0,0.4264,25.0,0.3,7977,6.1127,10.7333
589,outputs/run_0589.npz,50.0,0.3,20.0,25.0,2.0,0.5774,25.0,0.3,7977,4.8853,10.3865
590,outputs/run_0590.npz,50.0,0.3,20.0,30.0,2.0,0.5000,25.0,0.3,7977,5.8606,11.2768
591,outputs/run_0591.npz,50.0,0.3,20.0,35.0,2.0,0.4264,25.0,0.3,7977,6.7880,12.1233
592,outputs/run_0592.npz,50.0,0.3,22.0,25.0,2.0,0.5774,25.0,0.3,7977,5.3703,11.6028
593,outputs/run_0593.npz,50.0,0.3,22.0,30.0,2.0,0.5000,25.0,0.3,7977,6.4431,12.5821
594,outputs/run_0594.npz,50.0,0.3,22.0,35.0,2.0,0.4264,25.0,0.3,7977,7.4632,13.5132
595,outputs/run_0595.npz,100.0,0.3,18.0,25.0,2.0,0.5774,25.0,0.3,7977,2.8172,5.3811
596,outputs/run_0596.npz,100.0,0.3,18.0,30.0,2.0,0.5000,25.0,0.3,7977,3.3984,5.9060
597,outputs/run_0597.npz,100.0,0.3,18.0,35.0,2.0,0.4264,25.0,0.3,7977,3.9512,6.4052
598,outputs/run_0598.npz,100.0,0.3,20.0,25.0,2.0,0.5774,25.0,0.3,7977,3.1277,6.0770
599,outputs/run_0599.npz,100.0,0.3,20.0,30.0,2.0,0.5000,25.0,0.3,7977,3.7735,6.6603
600,outputs/run_0600.npz,100.0,0.3,20.0,35.0,2.0,0.4264,25.0,0.3,7977,4.3876,7.2149
601,outputs/run_0601.npz,100.0,0.3,22.0,25.0,2.0,0.5774,25.0,0.3,7977,3.4381,6.7730
602,outputs/run_0602.npz,100.0,0.3,22.0,30.0,2.0,0.5000,25.0,0.3,7977,4.1485,7.4146
603,outputs/run_0603.npz,100.0,0.3,22.0,35.0,2.0,0.4264,25.0,0.3,7977,4.8241,8.0246
604,outputs/run_0604.npz,150.0,0.3,18.0,25.0,2.0,0.5774,25.0,0.3,7977,2.0439,3.8844
605,outputs/run_0605.npz,150.0,0.3,18.0,30.0,2.0,0.5000,25.0,0.3,7977,2.4800,4.2740
606,outputs/run_0606.npz,150.0,0.3,18.0,35.0,2.0,0.4264,25.0,0.3,7977,2.8947,4.6443
607,outputs/run_0607.npz,150.0,0.3,20.0,25.0,2.0,0.5774,25.0,0.3,7977,2.2691,4.3812
608,outputs/run_0608.npz,150.0,0.3,20.0,30.0,2.0,0.5000,25.0,0.3,7977,2.7537,4.8140
609,outputs/run_0609.npz,150.0,0.3,20.0,35.0,2.0,0.4264,25.0,0.3,7977,3.2144,5.2255
610,outputs/run_0610.npz,150.0,0.3,22.0,25.0,2.0,0.5774,25.0,0.3,7977,2.4943,4.8780
611,outputs/run_0611.npz,150.0,0.3,22.0,30.0,2.0,0.5000,25.0,0.3,7977,3.0274,5.3541
612,outputs/run_0612.npz,150.0,0.3,22.0,35.0,2.0,0.4264,25.0,0.3,7977,3.5342,5.8067
613,outputs/run_0613.npz,300.0,0.3,18.0,25.0,2.0,0.5774,25.0,0.3,7977,1.0693,2.1894
614,outputs/run_0614.npz,300.0,0.3,18.0,30.0,2.0,0.5000,25.0,0.3,7977,1.3217,2.4073
615,outputs/run_0615.npz,300.0,0.3,18.0,35.0,2.0,0.4264,25.0,0.3,7977,1.5616,2.6145
616,outputs/run_0616.npz,300.0,0.3,20.0,25.0,2.0,0.5774,25.0,0.3,7977,1.1870,2.4651
617,outputs/run_0617.npz,300.0,0.3,20.0,30.0,2.0,0.5000,25.0,0.3,7977,1.4675,2.7072
618,outputs/run_0618.npz,300.0,0.3,20.0,35.0,2.0,0.4264,25.0,0.3,7977,1.7341,2.9374
619,outputs/run_0619.npz,300.0,0.3,22.0,25.0,2.0,0.5774,25.0,0.3,7977,1.3048,2.7408
620,outputs/run_0620.npz,300.0,0.3,22.0,30.0,2.0,0.5000,25.0,0.3,7977,1.6133,3.0071
621,outputs/run_0621.npz,300.0,0.3,22.0,35.0,2.0,0.4264,25.0,0.3,7977,1.9066,3.2603
622,outputs/run_0622.npz,500.0,0.3,18.0,25.0,2.0,0.5774,25.0,0.3,7977,0.6077,1.4333
623,outputs/run_0623.npz,500.0,0.3,18.0,30.0,2.0,0.5000,25.0,0.3,7977,0.7720,1.5687
624,outputs/run_0624.npz,500.0,0.3,18.0,35.0,2.0,0.4264,25.0,0.3,7977,0.9283,1.6977
625,outputs/run_0625.npz,500.0,0.3,20.0,25.0,2.0,0.5774,25.0,0.3,7977,0.6746,1.6119
626,outputs/run_0626.npz,500.0,0.3,20.0,30.0,2.0,0.5000,25.0,0.3,7977,0.8572,1.7623
627,outputs/run_0627.npz,500.0,0.3,20.0,35.0,2.0,0.4264,25.0,0.3,7977,1.0308,1.9057
628,outputs/run_0628.npz,500.0,0.3,22.0,25.0,2.0,0.5774,25.0,0.3,7977,0.7415,1.7906
629,outputs/run_0629.npz,500.0,0.3,22.0,30.0,2.0,0.5000,25.0,0.3,7977,0.9424,1.9560
630,outputs/run_0630.npz,500.0,0.3,22.0,35.0,2.0,0.4264,25.0,0.3,7977,1.1333,2.1137
631,outputs/run_0631.npz,50.0,0.3,18.0,25.0,2.0,0.5774,25.0,0.4,8413,2.7675,7.2998
632,outputs/run_0632.npz,50.0,0.3,18.0,30.0,2.0,0.5000,25.0,0.4,8413,3.3281,7.8070
633,outputs/run_0633.npz,50.0,0.3,18.0,35.0,2.0,0.4264,25.0,0.4,8413,3.8611,8.2894
634,outputs/run_0634.npz,50.0,0.3,20.0,25.0,2.0,0.5774,25.0,0.4,8413,3.0716,8.3773
635,outputs/run_0635.npz,50.0,0.3,20.0,30.0,2.0,0.5000,25.0,0.4,8413,3.6945,8.9409
636,outputs/run_0636.npz,50.0,0.3,20.0,35.0,2.0,0.4264,25.0,0.4,8413,4.2867,9.4768
637,outputs/run_0637.npz,50.0,0.3,22.0,25.0,2.0,0.5774,25.0,0.4,8413,3.3757,9.4548
638,outputs/run_0638.npz,50.0,0.3,22.0,30.0,2.0,0.5000,25.0,0.4,8413,4.0609,10.0747
639,outputs/run_0639.npz,50.0,0.3,22.0,35.0,2.0,0.4264,25.0,0.4,8413,4.7123,10.6643
640,outputs/run_0640.npz,100.0,0.3,18.0,25.0,2.0,0.5774,25.0,0.4,8413,2.0316,4.4248
641,outputs/run_0641.npz,100.0,0.3,18.0,30.0,2.0,0.5000,25.0,0.4,8413,2.4544,4.8038
642,outputs/run_0642.npz,100.0,0.3,18.0,35.0,2.0,0.4264,25.0,0.4,8413,2.8564,5.1644
643,outputs/run_0643.npz,100.0,0.3,20.0,25.0,2.0,0.5774,25.0,0.4,8413,2.2549,5.0488
644,outputs/run_0644.npz,100.0,0.3,20.0,30.0,2.0,0.5000,25.0,0.4,8413,2.7246,5.4700
645,outputs/run_0645.npz,100.0,0.3,20.0,35.0,2.0,0.4264,25.0,0.4,8413,3.1712,5.8706
646,outputs/run_0646.npz,100.0,0.3,22.0,25.0,2.0,0.5774,25.0,0.4,8413,2.4781,5.6728
647,outputs/run_0647.npz,100.0,0.3,22.0,30.0,2.0,0.5000,25.0,0.4,8413,2.9948,6.1361
648,outputs/run_0648.npz,100.0,0.3,22.0,35.0,2.0,0.4264,25.0,0.4,8413,3.4861,6.5767
649,outputs/run_0649.npz,150.0,0.3,18.0,25.0,2.0,0.5774,25.0,0.4,8413,1.5913,3.2830
650,outputs/run_0650.npz,150.0,0.3,18.0,30.0,2.0,0.5000,25.0,0.4,8413,1.9315,3.5851
651,outputs/run_0651.npz,150.0,0.3,18.0,35.0,2.0,0.4264,25.0,0.4,8413,2.2550,3.8726
652,outputs/run_0652.npz,150.0,0.3,20.0,25.0,2.0,0.5774,25.0,0.4,8413,1.7661,3.7357
653,outputs/run_0653.npz,150.0,0.3,20.0,30.0,2.0,0.5000,25.0,0.4,8413,2.1441,4.0714
654,outputs/run_0654.npz,150.0,0.3,20.0,35.0,2.0,0.4264,25.0,0.4,8413,2.5035,4.3908
655,outputs/run_0655.npz,150.0,0.3,22.0,25.0,2.0,0.5774,25.0,0.4,8413,1.9409,4.1884
656,outputs/run_0656.npz,150.0,0.3,22.0,30.0,2.0,0.5000,25.0,0.4,8413,2.3567,4.5577
657,outputs/run_0657.npz,150.0,0.3,22.0,35.0,2.0,0.4264,25.0,0.4,8413,2.7521,4.9090
658,outputs/run_0658.npz,300.0,0.3,18.0,25.0,2.0,0.5774,25.0,0.4,8413,0.9334,1.9330
659,outputs/run_0659.npz,300.0,0.3,18.0,30.0,2.0,0.5000,25.0,0.4,8413,1.1498,2.1199
660,outputs/run_0660.npz,300.0,0.3,18.0,35.0,2.0,0.4264,25.0,0.4,8413,1.3555,2.2977
661,outputs/run_0661.npz,300.0,0.3,20.0,25.0,2.0,0.5774,25.0,0.4,8413,1.0359,2.1914
662,outputs/run_0662.npz,300.0,0.3,20.0,30.0,2.0,0.5000,25.0,0.4,8413,1.2763,2.3992
663,outputs/run_0663.npz,300.0,0.3,20.0,35.0,2.0,0.4264,25.0,0.4,8413,1.5049,2.5967
664,outputs/run_0664.npz,300.0,0.3,22.0,25.0,2.0,0.5774,25.0,0.4,8413,1.1384,2.4499
665,outputs/run_0665.npz,300.0,0.3,22.0,30.0,2.0,0.5000,25.0,0.4,8413,1.4028,2.6784
666,outputs/run_0666.npz,300.0,0.3,22.0,35.0,2.0,0.4264,25.0,0.4,8413,1.6543,2.8957
667,outputs/run_0667.npz,500.0,0.3,18.0,25.0,2.0,0.5774,25.0,0.4,8413,0.5711,1.2933
668,outputs/run_0668.npz,500.0,0.3,18.0,30.0,2.0,0.5000,25.0,0.4,8413,0.7185,1.4163
669,outputs/run_0669.npz,500.0,0.3,18.0,35.0,2.0,0.4264,25.0,0.4,8413,0.8587,1.5332
670,outputs/run_0670.npz,500.0,0.3,20.0,25.0,2.0,0.5774,25.0,0.4,8413,0.6338,1.4631
671,outputs/run_0671.npz,500.0,0.3,20.0,30.0,2.0,0.5000,25.0,0.4,8413,0.7976,1.5998
672,outputs/run_0672.npz,500.0,0.3,20.0,35.0,2.0,0.4264,25.0,0.4,8413,0.9533,1.7297
673,outputs/run_0673.npz,500.0,0.3,22.0,25.0,2.0,0.5774,25.0,0.4,8413,0.6964,1.6329
674,outputs/run_0674.npz,500.0,0.3,22.0,30.0,2.0,0.5000,25.0,0.4,8413,0.8766,1.7832
675,outputs/run_0675.npz,500.0,0.3,22.0,35.0,2.0,0.4264,25.0,0.4,8413,1.0480,1.9262
676,outputs/run_0676.npz,50.0,0.3,18.0,25.0,2.0,0.5774,25.0,0.5,8917,1.7679,6.0683
677,outputs/run_0677.npz,50.0,0.3,18.0,30.0,2.0,0.5000,25.0,0.5,8917,2.1348,6.3965
678,outputs/run_0678.npz,50.0,0.3,18.0,35.0,2.0,0.4264,25.0,0.5,8917,2.4837,6.7085
679,outputs/run_0679.npz,50.0,0.3,20.0,25.0,2.0,0.5774,25.0,0.5,8917,1.9616,7.0788
680,outputs/run_0680.npz,50.0,0.3,20.0,30.0,2.0,0.5000,25.0,0.5,8917,2.3692,7.4434
681,outputs/run_0681.npz,50.0,0.3,20.0,35.0,2.0,0.4264,25.0,0.5,8917,2.7568,7.7901
682,outputs/run_0682.npz,50.0,0.3,22.0,25.0,2.0,0.5774,25.0,0.5,8917,2.1552,8.0893
683,outputs/run_0683.npz,50.0,0.3,22.0,30.0,2.0,0.5000,25.0,0.5,8917,2.6037,8.4903
684,outputs/run_0684.npz,50.0,0.3,22.0,35.0,2.0,0.4264,25.0,0.5,8917,3.0300,8.8717
685,outputs/run_0685.npz,100.0,0.3,18.0,25.0,2.0,0.5774,25.0,0.5,8917,1.4249,3.6795
686,outputs/run_0686.npz,100.0,0.3,18.0,30.0,2.0,0.5000,25.0,0.5,8917,1.7274,3.9481
687,outputs/run_0687.npz,100.0,0.3,18.0,35.0,2.0,0.4264,25.0,0.5,8917,2.0152,4.2034
688,outputs/run_0688.npz,100.0,0.3,20.0,25.0,2.0,0.5774,25.0,0.5,8917,1.5810,4.2556
689,outputs/run_0689.npz,100.0,0.3,20.0,30.0,2.0,0.5000,25.0,0.5,8917,1.9171,4.5540
690,outputs/run_0690.npz,100.0,0.3,20.0,35.0,2.0,0.4264,25.0,0.5,8917,2.2368,4.8377
691,outputs/run_0691.npz,100.0,0.3,22.0,25.0,2.0,0.5774,25.0,0.5,8917,1.7370,4.8317
692,outputs/run_0692.npz,100.0,0.3,22.0,30.0,2.0,0.5000,25.0,0.5,8917,2.1068,5.1599
693,outputs/run_0693.npz,100.0,0.3,22.0,35.0,2.0,0.4264,25.0,0.5,8917,2.4584,5.4720
694,outputs/run_0694.npz,150.0,0.3,18.0,25.0,2.0,0.5774,25.0,0.5,8917,1.1868,2.7671
695,outputs/run_0695.npz,150.0,0.3,18.0,30.0,2.0,0.5000,25.0,0.5,8917,1.4445,2.9942
696,outputs/run_0696.npz,150.0,0.3,18.0,35.0,2.0,0.4264,25.0,0.5,8917,1.6897,3.2101
697,outputs/run_0697.npz,150.0,0.3,20.0,25.0,2.0,0.5774,25.0,0.5,8917,1.3167,3.1856
698,outputs/run_0698.npz,150.0,0.3,20.0,30.0,2.0,0.5000,25.0,0.5,8917,1.6031,3.4380
699,outputs/run_0699.npz,150.0,0.3,20.0,35.0,2.0,0.4264,25.0,0.5,8917,1.8755,3.6779
700,outputs/run_0700.npz,150.0,0.3,22.0,25.0,2.0,0.5774,25.0,0.5,8917,1.4467,3.6041
701,outputs/run_0701.npz,150.0,0.3,22.0,30.0,2.0,0.5000,25.0,0.5,8917,1.7617,3.8817
702,outputs/run_0702.npz,150.0,0.3,22.0,35.0,2.0,0.4264,25.0,0.5,8917,2.0613,4.1456
703,outputs/run_0703.npz,300.0,0.3,18.0,25.0,2.0,0.5774,25.0,0.5,8917,0.7723,1.6872
704,outputs/run_0704.npz,300.0,0.3,18.0,30.0,2.0,0.5000,25.0,0.5,8917,0.9520,1.8419
705,outputs/run_0705.npz,300.0,0.3,18.0,35.0,2.0,0.4264,25.0,0.5,8917,1.1228,1.9890
706,outputs/run_0706.npz,300.0,0.3,20.0,25.0,2.0,0.5774,25.0,0.5,8917,0.8568,1.9299
707,outputs/run_0707.npz,300.0,0.3,20.0,30.0,2.0,0.5000,25.0,0.5,8917,1.0565,2.1017
708,outputs/run_0708.npz,300.0,0.3,20.0,35.0,2.0,0.4264,25.0,0.5,8917,1.2463,2.2651
709,outputs/run_0709.npz,300.0,0.3,22.0,25.0,2.0,0.5774,25.0,0.5,8917,0.9413,2.1725
710,outputs/run_0710.npz,300.0,0.3,22.0,30.0,2.0,0.5000,25.0,0.5,8917,1.1609,2.3615
711,outputs/run_0711.npz,300.0,0.3,22.0,35.0,2.0,0.4264,25.0,0.5,8917,1.3698,2.5413
712,outputs/run_0712.npz,500.0,0.3,18.0,25.0,2.0,0.5774,25.0,0.5,8917,0.5065,1.1578
713,outputs/run_0713.npz,500.0,0.3,18.0,30.0,2.0,0.5000,25.0,0.5,8917,0.6357,1.2655
714,outputs/run_0714.npz,500.0,0.3,18.0,35.0,2.0,0.4264,25.0,0.5,8917,0.7586,1.3681
715,outputs/run_0715.npz,500.0,0.3,20.0,25.0,2.0,0.5774,25.0,0.5,8917,0.5619,1.3194
716,outputs/run_0716.npz,500.0,0.3,20.0,30.0,2.0,0.5000,25.0,0.5,8917,0.7054,1.4390
717,outputs/run_0717.npz,500.0,0.3,20.0,35.0,2.0,0.4264,25.0,0.5,8917,0.8420,1.5530
718,outputs/run_0718.npz,500.0,0.3,22.0,25.0,2.0,0.5774,25.0,0.5,8917,0.6173,1.4809
719,outputs/run_0719.npz,500.0,0.3,22.0,30.0,2.0,0.5000,25.0,0.5,8917,0.7752,1.6126
720,outputs/run_0720.npz,500.0,0.3,22.0,35.0,2.0,0.4264,25.0,0.5,8917,0.9254,1.7380
721,outputs/run_0721.npz,50.0,0.3,18.0,25.0,2.0,0.5774,30.0,0.2,7465,7.8401,12.3515
722,outputs/run_0722.npz,50.0,0.3,18.0,30.0,2.0,0.5000,30.0,0.2,7465,9.3962,13.7735
723,outputs/run_0723.npz,50.0,0.3,18.0,35.0,2.0,0.4264,30.0,0.2,7465,10.8757,15.1256
724,outputs/run_0724.npz,50.0,0.3,20.0,25.0,2.0,0.5774,30.0,0.2,7465,8.7073,13.8374
725,outputs/run_0725.npz,50.0,0.3,20.0,30.0,2.0,0.5000,30.0,0.2,7465,10.4362,15.4174
726,outputs/run_0726.npz,50.0,0.3,20.0,35.0,2.0,0.4264,30.0,0.2,7465,12.0802,16.9197
727,outputs/run_0727.npz,50.0,0.3,22.0,25.0,2.0,0.5774,30.0,0.2,7465,9.5744,15.3233
728,outputs/run_0728.npz,50.0,0.3,22.0,30.0,2.0,0.5000,30.0,0.2,7465,11.4763,17.0613
729,outputs/run_0729.npz,50.0,0.3,22.0,35.0,2.0,0.4264,30.0,0.2,7465,13.2846,18.7139
730,outputs/run_0730.npz,100.0,0.3,18.0,25.0,2.0,0.5774,30.0,0.2,7465,4.2602,6.8590
731,outputs/run_0731.npz,100.0,0.3,18.0,30.0,2.0,0.5000,30.0,0.2,7465,5.1475,7.6567
732,outputs/run_0732.npz,100.0,0.3,18.0,35.0,2.0,0.4264,30.0,0.2,7465,5.9912,8.4152
733,outputs/run_0733.npz,100.0,0.3,20.0,25.0,2.0,0.5774,30.0,0.2,7465,4.7313,7.6776
734,outputs/run_0734.npz,100.0,0.3,20.0,30.0,2.0,0.5000,30.0,0.2,7465,5.7172,8.5639
735,outputs/run_0735.npz,100.0,0.3,20.0,35.0,2.0,0.4264,30.0,0.2,7465,6.6547,9.4067
736,outputs/run_0736.npz,100.0,0.3,22.0,25.0,2.0,0.5774,30.0,0.2,7465,5.2024,8.4961
737,outputs/run_0737.npz,100.0,0.3,22.0,30.0,2.0,0.5000,30.0,0.2,7465,6.2870,9.4712
738,outputs/run_0738.npz,100.0,0.3,22.0,35.0,2.0,0.4264,30.0,0.2,7465,7.3182,10.3982
739,outputs/run_0739.npz,150.0,0.3,18.0,25.0,2.0,0.5774,30.0,0.2,7465,2.8572,4.8225
740,outputs/run_0740.npz,150.0,0.3,18.0,30.0,2.0,0.5000,30.0,0.2,7465,3.4817,5.3745
741,outputs/run_0741.npz,150.0,0.3,18.0,35.0,2.0,0.4264,30.0,0.2,7465,4.0755,5.8994
742,outputs/run_0742.npz,150.0,0.3,20.0,25.0,2.0,0.5774,30.0,0.2,7465,3.1731,5.3959
743,outputs/run_0743.npz,150.0,0.3,20.0,30.0,2.0,0.5000,30.0,0.2,7465,3.8670,6.0092
744,outputs/run_0744.npz,150.0,0.3,20.0,35.0,2.0,0.4264,30.0,0.2,7465,4.5268,6.5924
745,outputs/run_0745.npz,150.0,0.3,22.0,25.0,2.0,0.5774,30.0,0.2,7465,3.4891,5.9693
746,outputs/run_0746.npz,150.0,0.3,22.0,30.0,2.0,0.5000,30.0,0.2,7465,4.2524,6.6439
747,outputs/run_0747.npz,150.0,0.3,22.0,35.0,2.0,0.4264,30.0,0.2,7465,4.9782,7.2854
748,outputs/run_0748.npz,300.0,0.3,18.0,25.0,2.0,0.5774,30.0,0.2,7465,1.3329,2.6509
749,outputs/run_0749.npz,300.0,0.3,18.0,30.0,2.0,0.5000,30.0,0.2,7465,1.6694,2.9340
750,outputs/run_0750.npz,300.0,0.3,18.0,35.0,2.0,0.4264,30.0,0.2,7465,1.9893,3.2032
751,outputs/run_0751.npz,300.0,0.3,20.0,25.0,2.0,0.5774,30.0,0.2,7465,1.4803,2.9642
752,outputs/run_0752.npz,300.0,0.3,20.0,30.0,2.0,0.5000,30.0,0.2,7465,1.8541,3.2787
753,outputs/run_0753.npz,300.0,0.3,20.0,35.0,2.0,0.4264,30.0,0.2,7465,2.2095,3.5778
754,outputs/run_0754.npz,300.0,0.3,22.0,25.0,2.0,0.5774,30.0,0.2,7465,1.6276,3.2774
755,outputs/run_0755.npz,300.0,0.3,22.0,30.0,2.0,0.5000,30.0,0.2,7465,2.0388,3.6234
756,outputs/run_0756.npz,300.0,0.3,22.0,35.0,2.0,0.4264,30.0,0.2,7465,2.4298,3.9524
757,outputs/run_0757.npz,500.0,0.3,18.0,25.0,2.0,0.5774,30.0,0.2,7465,0.6944,1.7318
758,outputs/run_0758.npz,500.0,0.3,18.0,30.0,2.0,0.5000,30.0,0.2,7465,0.9075,1.9002
759,outputs/run_0759.npz,500.0,0.3,18.0,35.0,2.0,0.4264,30.0,0.2,7465,1.1101,2.0603
760,outputs/run_0760.npz,500.0,0.3,20.0,25.0,2.0,0.5774,30.0,0.2,7465,0.7711,1.9354
761,outputs/run_0761.npz,500.0,0.3,20.0,30.0,2.0,0.5000,30.0,0.2,7465,1.0079,2.1225
762,outputs/run_0762.npz,500.0,0.3,20.0,35.0,2.0,0.4264,30.0,0.2,7465,1.2330,2.3005
763,outputs/run_0763.npz,500.0,0.3,22.0,25.0,2.0,0.5774,30.0,0.2,7465,0.8478,2.1390
764,outputs/run_0764.npz,500.0,0.3,22.0,30.0,2.0,0.5000,30.0,0.2,7465,1.1083,2.3448
765,outputs/run_0765.npz,500.0,0.3,22.0,35.0,2.0,0.4264,30.0,0.2,7465,1.3559,2.5406
766,outputs/run_0766.npz,50.0,0.3,18.0,25.0,2.0,0.5774,30.0,0.3,7781,5.2726,9.4845
767,outputs/run_0767.npz,50.0,0.3,18.0,30.0,2.0,0.5000,30.0,0.3,7781,6.3219,10.4375
768,outputs/run_0768.npz,50.0,0.3,18.0,35.0,2.0,0.4264,30.0,0.3,7781,7.3196,11.3436
769,outputs/run_0769.npz,50.0,0.3,20.0,25.0,2.0,0.5774,30.0,0.3,7781,5.8543,10.7112
770,outputs/run_0770.npz,50.0,0.3,20.0,30.0,2.0,0.5000,30.0,0.3,7781,7.0202,11.7700
771,outputs/run_0771.npz,50.0,0.3,20.0,35.0,2.0,0.4264,30.0,0.3,7781,8.1288,12.7768
772,outputs/run_0772.npz,50.0,0.3,22.0,25.0,2.0,0.5774,30.0,0.3,7781,6.4361,11.9378
773,outputs/run_0773.npz,50.0,0.3,22.0,30.0,2.0,0.5000,30.0,0.3,7781,7.7185,13.1025
774,outputs/run_0774.npz,50.0,0.3,22.0,35.0,2.0,0.4264,30.0,0.3,7781,8.9379,14.2100
775,outputs/run_0775.npz,100.0,0.3,18.0,25.0,2.0,0.5774,30.0,0.3,7781,3.3705,5.6845
776,outputs/run_0776.npz,100.0,0.3,18.0,30.0,2.0,0.5000,30.0,0.3,7781,4.0645,6.3078
777,outputs/run_0777.npz,100.0,0.3,18.0,35.0,2.0,0.4264,30.0,0.3,7781,4.7245,6.9004
778,outputs/run_0778.npz,100.0,0.3,20.0,25.0,2.0,0.5774,30.0,0.3,7781,3.7423,6.4018
779,outputs/run_0779.npz,100.0,0.3,20.0,30.0,2.0,0.5000,30.0,0.3,7781,4.5134,7.0944
780,outputs/run_0780.npz,100.0,0.3,20.0,35.0,2.0,0.4264,30.0,0.3,7781,5.2468,7.7529
781,outputs/run_0781.npz,100.0,0.3,22.0,25.0,2.0,0.5774,30.0,0.3,7781,4.1142,7.1192
782,outputs/run_0782.npz,100.0,0.3,22.0,30.0,2.0,0.5000,30.0,0.3,7781,4.9624,7.8810
783,outputs/run_0783.npz,100.0,0.3,22.0,35.0,2.0,0.4264,30.0,0.3,7781,5.7691,8.6053
784,outputs/run_0784.npz,150.0,0.3,18.0,25.0,2.0,0.5774,30.0,0.3,7781,2.4431,4.1404
785,outputs/run_0785.npz,150.0,0.3,18.0,30.0,2.0,0.5000,30.0,0.3,7781,2.9635,4.6024
786,outputs/run_0786.npz,150.0,0.3,18.0,35.0,2.0,0.4264,30.0,0.3,7781,3.4584,5.0418
787,outputs/run_0787.npz,150.0,0.3,20.0,25.0,2.0,0.5774,30.0,0.3,7781,2.7126,4.6573
788,outputs/run_0788.npz,150.0,0.3,20.0,30.0,2.0,0.5000,30.0,0.3,7781,3.2909,5.1707
789,outputs/run_0789.npz,150.0,0.3,20.0,35.0,2.0,0.4264,30.0,0.3,7781,3.8407,5.6589
790,outputs/run_0790.npz,150.0,0.3,22.0,25.0,2.0,0.5774,30.0,0.3,7781,2.9821,5.1743
791,outputs/run_0791.npz,150.0,0.3,22.0,30.0,2.0,0.5000,30.0,0.3,7781,3.6182,5.7391
792,outputs/run_0792.npz,150.0,0.3,22.0,35.0,2.0,0.4264,30.0,0.3,7781,4.2230,6.2760
793,outputs/run_0793.npz,300.0,0.3,18.0,25.0,2.0,0.5774,30.0,0.3,7781,1.2759,2.3615
794,outputs/run_0794.npz,300.0,0.3,18.0,30.0,2.0,0.5000,30.0,0.3,7781,1.5769,2.6196
795,outputs/run_0795.npz,300.0,0.3,18.0,35.0,2.0,0.4264,30.0,0.3,7781,1.8631,2.8650
796,outputs/run_0796.npz,300.0,0.3,20.0,25.0,2.0,0.5774,30.0,0.3,7781,1.4166,2.6522
797,outputs/run_0797.npz,300.0,0.3,20.0,30.0,2.0,0.5000,30.0,0.3,7781,1.7510,2.9390
798,outputs/run_0798.npz,300.0,0.3,20.0,35.0,2.0,0.4264,30.0,0.3,7781,2.0691,3.2116
799,outputs/run_0799.npz,300.0,0.3,22.0,25.0,2.0,0.5774,30.0,0.3,7781,1.5573,2.9429
800,outputs/run_0800.npz,300.0,0.3,22.0,30.0,2.0,0.5000,30.0,0.3,7781,1.9252,3.2584
801,outputs/run_0801.npz,300.0,0.3,22.0,35.0,2.0,0.4264,30.0,0.3,7781,2.2750,3.5583
802,outputs/run_0802.npz,500.0,0.3,18.0,25.0,2.0,0.5774,30.0,0.3,7781,0.7239,1.5579
803,outputs/run_0803.npz,500.0,0.3,18.0,30.0,2.0,0.5000,30.0,0.3,7781,0.9198,1.7181
804,outputs/run_0804.npz,500.0,0.3,18.0,35.0,2.0,0.4264,30.0,0.3,7781,1.1061,1.8708
805,outputs/run_0805.npz,500.0,0.3,20.0,25.0,2.0,0.5774,30.0,0.3,7781,0.8037,1.7480
806,outputs/run_0806.npz,500.0,0.3,20.0,30.0,2.0,0.5000,30.0,0.3,7781,1.0213,1.9260
807,outputs/run_0807.npz,500.0,0.3,20.0,35.0,2.0,0.4264,30.0,0.3,7781,1.2283,2.0956
808,outputs/run_0808.npz,500.0,0.3,22.0,25.0,2.0,0.5774,30.0,0.3,7781,0.8835,1.9380
809,outputs/run_0809.npz,500.0,0.3,22.0,30.0,2.0,0.5000,30.0,0.3,7781,1.1229,2.1338
810,outputs/run_0810.npz,500.0,0.3,22.0,35.0,2.0,0.4264,30.0,0.3,7781,1.3506,2.3204
811,outputs/run_0811.npz,50.0,0.3,18.0,25.0,2.0,0.5774,30.0,0.4,8237,3.3206,7.3281
812,outputs/run_0812.npz,50.0,0.3,18.0,30.0,2.0,0.5000,30.0,0.4,8237,3.9917,7.9323
813,outputs/run_0813.npz,50.0,0.3,18.0,35.0,2.0,0.4264,30.0,0.4,8237,4.6297,8.5069
814,outputs/run_0814.npz,50.0,0.3,20.0,25.0,2.0,0.5774,30.0,0.4,8237,3.6860,8.3754
815,outputs/run_0815.npz,50.0,0.3,20.0,30.0,2.0,0.5000,30.0,0.4,8237,4.4317,9.0468
816,outputs/run_0816.npz,50.0,0.3,20.0,35.0,2.0,0.4264,30.0,0.4,8237,5.1406,9.6852
817,outputs/run_0817.npz,50.0,0.3,22.0,25.0,2.0,0.5774,30.0,0.4,8237,4.0515,9.4228
818,outputs/run_0818.npz,50.0,0.3,22.0,30.0,2.0,0.5000,30.0,0.4,8237,4.8717,10.1612
819,outputs/run_0819.npz,50.0,0.3,22.0,35.0,2.0,0.4264,30.0,0.4,8237,5.6515,10.8636
820,outputs/run_0820.npz,100.0,0.3,18.0,25.0,2.0,0.5774,30.0,0.4,8237,2.4341,4.5846
821,outputs/run_0821.npz,100.0,0.3,18.0,30.0,2.0,0.5000,30.0,0.4,8237,2.9396,5.0354
822,outputs/run_0822.npz,100.0,0.3,18.0,35.0,2.0,0.4264,30.0,0.4,8237,3.4202,5.4642
823,outputs/run_0823.npz,100.0,0.3,20.0,25.0,2.0,0.5774,30.0,0.4,8237,2.7019,5.2096
824,outputs/run_0824.npz,100.0,0.3,20.0,30.0,2.0,0.5000,30.0,0.4,8237,3.2636,5.7106
825,outputs/run_0825.npz,100.0,0.3,20.0,35.0,2.0,0.4264,30.0,0.4,8237,3.7976,6.1870
826,outputs/run_0826.npz,100.0,0.3,22.0,25.0,2.0,0.5774,30.0,0.4,8237,2.9697,5.8347
827,outputs/run_0827.npz,100.0,0.3,22.0,30.0,2.0,0.5000,30.0,0.4,8237,3.5876,6.3858
828,outputs/run_0828.npz,100.0,0.3,22.0,35.0,2.0,0.4264,30.0,0.4,8237,4.1750,6.9099
829,outputs/run_0829.npz,150.0,0.3,18.0,25.0,2.0,0.5774,30.0,0.4,8237,1.9045,3.4511
830,outputs/run_0830.npz,150.0,0.3,18.0,30.0,2.0,0.5000,30.0,0.4,8237,2.3110,3.8101
831,outputs/run_0831.npz,150.0,0.3,18.0,35.0,2.0,0.4264,30.0,0.4,8237,2.6974,4.1516
832,outputs/run_0832.npz,150.0,0.3,20.0,25.0,2.0,0.5774,30.0,0.4,8237,2.1141,3.9113
833,outputs/run_0833.npz,150.0,0.3,20.0,30.0,2.0,0.5000,30.0,0.4,8237,2.5657,4.3102
834,outputs/run_0834.npz,150.0,0.3,20.0,35.0,2.0,0.4264,30.0,0.4,8237,2.9951,4.6897
835,outputs/run_0835.npz,150.0,0.3,22.0,25.0,2.0,0.5774,30.0,0.4,8237,2.3236,4.3715
836,outputs/run_0836.npz,150.0,0.3,22.0,30.0,2.0,0.5000,30.0,0.4,8237,2.8204,4.8103
837,outputs/run_0837.npz,150.0,0.3,22.0,35.0,2.0,0.4264,30.0,0.4,8237,3.2927,5.2277
838,outputs/run_0838.npz,300.0,0.3,18.0,25.0,2.0,0.5774,30.0,0.4,8237,1.1149,2.0699
839,outputs/run_0839.npz,300.0,0.3,18.0,30.0,2.0,0.5000,30.0,0.4,8237,1.3732,2.2916
840,outputs/run_0840.npz,300.0,0.3,18.0,35.0,2.0,0.4264,30.0,0.4,8237,1.6188,2.5025
841,outputs/run_0841.npz,300.0,0.3,20.0,25.0,2.0,0.5774,30.0,0.4,8237,1.2376,2.3380
842,outputs/run_0842.npz,300.0,0.3,20.0,30.0,2.0,0.5000,30.0,0.4,8237,1.5245,2.5844
843,outputs/run_0843.npz,300.0,0.3,20.0,35.0,2.0,0.4264,30.0,0.4,8237,1.7974,2.8186
844,outputs/run_0844.npz,300.0,0.3,22.0,25.0,2.0,0.5774,30.0,0.4,8237,1.3602,2.6061
845,outputs/run_0845.npz,300.0,0.3,22.0,30.0,2.0,0.5000,30.0,0.4,8237,1.6758,2.8771
846,outputs/run_0846.npz,300.0,0.3,22.0,35.0,2.0,0.4264,30.0,0.4,8237,1.9760,3.1348
847,outputs/run_0847.npz,500.0,0.3,18.0,25.0,2.0,0.5774,30.0,0.4,8237,0.6810,1.3994
848,outputs/run_0848.npz,500.0,0.3,18.0,30.0,2.0,0.5000,30.0,0.4,8237,0.8568,1.5451
849,outputs/run_0849.npz,500.0,0.3,18.0,35.0,2.0,0.4264,30.0,0.4,8237,1.0241,1.6836
850,outputs/run_0850.npz,500.0,0.3,20.0,25.0,2.0,0.5774,30.0,0.4,8237,0.7558,1.5776
851,outputs/run_0851.npz,500.0,0.3,20.0,30.0,2.0,0.5000,30.0,0.4,8237,0.9512,1.7395
852,outputs/run_0852.npz,500.0,0.3,20.0,35.0,2.0,0.4264,30.0,0.4,8237,1.1370,1.8934
853,outputs/run_0853.npz,500.0,0.3,22.0,25.0,2.0,0.5774,30.0,0.4,8237,0.8307,1.7558
854,outputs/run_0854.npz,500.0,0.3,22.0,30.0,2.0,0.5000,30.0,0.4,8237,1.0456,1.9339
855,outputs/run_0855.npz,500.0,0.3,22.0,35.0,2.0,0.4264,30.0,0.4,8237,1.2500,2.1032
856,outputs/run_0856.npz,50.0,0.3,18.0,25.0,2.0,0.5774,30.0,0.5,8749,2.1229,5.9288
857,outputs/run_0857.npz,50.0,0.3,18.0,30.0,2.0,0.5000,30.0,0.5,8749,2.5625,6.3201
858,outputs/run_0858.npz,50.0,0.3,18.0,35.0,2.0,0.4264,30.0,0.5,8749,2.9804,6.6921
859,outputs/run_0859.npz,50.0,0.3,20.0,25.0,2.0,0.5774,30.0,0.5,8749,2.3559,6.8815
860,outputs/run_0860.npz,50.0,0.3,20.0,30.0,2.0,0.5000,30.0,0.5,8749,2.8443,7.3162
861,outputs/run_0861.npz,50.0,0.3,20.0,35.0,2.0,0.4264,30.0,0.5,8749,3.3087,7.7296
862,outputs/run_0862.npz,50.0,0.3,22.0,25.0,2.0,0.5774,30.0,0.5,8749,2.5889,7.8341
863,outputs/run_0863.npz,50.0,0.3,22.0,30.0,2.0,0.5000,30.0,0.5,8749,3.1261,8.3124
864,outputs/run_0864.npz,50.0,0.3,22.0,35.0,2.0,0.4264,30.0,0.5,8749,3.6369,8.7671
865,outputs/run_0865.npz,100.0,0.3,18.0,25.0,2.0,0.5774,30.0,0.5,8749,1.7088,3.7327
866,outputs/run_0866.npz,100.0,0.3,18.0,30.0,2.0,0.5000,30.0,0.5,8749,2.0709,4.0525
867,outputs/run_0867.npz,100.0,0.3,18.0,35.0,2.0,0.4264,30.0,0.5,8749,2.4153,4.3566
868,outputs/run_0868.npz,100.0,0.3,20.0,25.0,2.0,0.5774,30.0,0.5,8749,1.8963,4.2935
869,outputs/run_0869.npz,100.0,0.3,20.0,30.0,2.0,0.5000,30.0,0.5,8749,2.2987,4.6488
870,outputs/run_0870.npz,100.0,0.3,20.0,35.0,2.0,0.4264,30.0,0.5,8749,2.6813,4.9867
871,outputs/run_0871.npz,100.0,0.3,22.0,25.0,2.0,0.5774,30.0,0.5,8749,2.0838,4.8542
872,outputs/run_0872.npz,100.0,0.3,22.0,30.0,2.0,0.5000,30.0,0.5,8749,2.5264,5.2451
873,outputs/run_0873.npz,100.0,0.3,22.0,35.0,2.0,0.4264,30.0,0.5,8749,2.9473,5.6168
874,outputs/run_0874.npz,150.0,0.3,18.0,25.0,2.0,0.5774,30.0,0.5,8749,1.4218,2.8614
875,outputs/run_0875.npz,150.0,0.3,18.0,30.0,2.0,0.5000,30.0,0.5,8749,1.7301,3.1316
876,outputs/run_0876.npz,150.0,0.3,18.0,35.0,2.0,0.4264,30.0,0.5,8749,2.0234,3.3885
877,outputs/run_0877.npz,150.0,0.3,20.0,25.0,2.0,0.5774,30.0,0.5,8749,1.5778,3.2763
878,outputs/run_0878.npz,150.0,0.3,20.0,30.0,2.0,0.5000,30.0,0.5,8749,1.9204,3.5765
879,outputs/run_0879.npz,150.0,0.3,20.0,35.0,2.0,0.4264,30.0,0.5,8749,2.2462,3.8620
880,outputs/run_0880.npz,150.0,0.3,22.0,25.0,2.0,0.5774,30.0,0.5,8749,1.7337,3.6912
881,outputs/run_0881.npz,150.0,0.3,22.0,30.0,2.0,0.5000,30.0,0.5,8749,2.1106,4.0214
882,outputs/run_0882.npz,150.0,0.3,22.0,35.0,2.0,0.4264,30.0,0.5,8749,2.4690,4.3354
883,outputs/run_0883.npz,300.0,0.3,18.0,25.0,2.0,0.5774,30.0,0.5,8749,0.9233,1.7904
884,outputs/run_0884.npz,300.0,0.3,18.0,30.0,2.0,0.5000,30.0,0.5,8749,1.1380,1.9740
885,outputs/run_0885.npz,300.0,0.3,18.0,35.0,2.0,0.4264,30.0,0.5,8749,1.3422,2.1487
886,outputs/run_0886.npz,300.0,0.3,20.0,25.0,2.0,0.5774,30.0,0.5,8749,1.0246,2.0374
887,outputs/run_0887.npz,300.0,0.3,20.0,30.0,2.0,0.5000,30.0,0.5,8749,1.2631,2.2414
888,outputs/run_0888.npz,300.0,0.3,20.0,35.0,2.0,0.4264,30.0,0.5,8749,1.4900,2.4355
889,outputs/run_0889.npz,300.0,0.3,22.0,25.0,2.0,0.5774,30.0,0.5,8749,1.1258,2.2844
890,outputs/run_0890.npz,300.0,0.3,22.0,30.0,2.0,0.5000,30.0,0.5,8749,1.3882,2.5088
891,outputs/run_0891.npz,300.0,0.3,22.0,35.0,2.0,0.4264,30.0,0.5,8749,1.6378,2.7223
892,outputs/run_0892.npz,500.0,0.3,18.0,25.0,2.0,0.5774,30.0,0.5,8749,0.6044,1.2460
893,outputs/run_0893.npz,500.0,0.3,18.0,30.0,2.0,0.5000,30.0,0.5,8749,0.7587,1.3737
894,outputs/run_0894.npz,500.0,0.3,18.0,35.0,2.0,0.4264,30.0,0.5,8749,0.9054,1.4953
895,outputs/run_0895.npz,500.0,0.3,20.0,25.0,2.0,0.5774,30.0,0.5,8749,0.6707,1.4131
896,outputs/run_0896.npz,500.0,0.3,20.0,30.0,2.0,0.5000,30.0,0.5,8749,0.8421,1.5550
897,outputs/run_0897.npz,500.0,0.3,20.0,35.0,2.0,0.4264,30.0,0.5,8749,1.0051,1.6902
898,outputs/run_0898.npz,500.0,0.3,22.0,25.0,2.0,0.5774,30.0,0.5,8749,0.7369,1.5802
899,outputs/run_0899.npz,500.0,0.3,22.0,30.0,2.0,0.5000,30.0,0.5,8749,0.9254,1.7363
900,outputs/run_0900.npz,500.0,0.3,22.0,35.0,2.0,0.4264,30.0,0.5,8749,1.1048,1.8850
901,outputs/run_0901.npz,50.0,0.3,18.0,25.0,2.0,0.5774,35.0,0.2,7516,9.0550,12.7725
902,outputs/run_0902.npz,50.0,0.3,18.0,30.0,2.0,0.5000,35.0,0.2,7516,10.8557,14.3829
903,outputs/run_0903.npz,50.0,0.3,18.0,35.0,2.0,0.4264,35.0,0.2,7516,12.5678,15.9142
904,outputs/run_0904.npz,50.0,0.3,20.0,25.0,2.0,0.5774,35.0,0.2,7516,10.0562,14.2868
905,outputs/run_0905.npz,50.0,0.3,20.0,30.0,2.0,0.5000,35.0,0.2,7516,12.0570,16.0762
906,outputs/run_0906.npz,50.0,0.3,20.0,35.0,2.0,0.4264,35.0,0.2,7516,13.9594,17.7776
907,outputs/run_0907.npz,50.0,0.3,22.0,25.0,2.0,0.5774,35.0,0.2,7516,11.0574,15.8011
908,outputs/run_0908.npz,50.0,0.3,22.0,30.0,2.0,0.5000,35.0,0.2,7516,13.2583,17.7695
909,outputs/run_0909.npz,50.0,0.3,22.0,35.0,2.0,0.4264,35.0,0.2,7516,15.3509,19.6410
910,outputs/run_0910.npz,100.0,0.3,18.0,25.0,2.0,0.5774,35.0,0.2,7516,4.9113,7.1500
911,outputs/run_0911.npz,100.0,0.3,18.0,30.0,2.0,0.5000,35.0,0.2,7516,5.9372,8.0518
912,outputs/run_0912.npz,100.0,0.3,18.0,35.0,2.0,0.4264,35.0,0.2,7516,6.9127,8.9092
913,outputs/run_0913.npz,100.0,0.3,20.0,25.0,2.0,0.5774,35.0,0.2,7516,5.4543,7.9917
914,outputs/run_0914.npz,100.0,0.3,20.0,30.0,2.0,0.5000,35.0,0.2,7516,6.5942,8.9937
915,outputs/run_0915.npz,100.0,0.3,20.0,35.0,2.0,0.4264,35.0,0.2,7516,7.6781,9.9464
916,outputs/run_0916.npz,100.0,0.3,22.0,25.0,2.0,0.5774,35.0,0.2,7516,5.9973,8.8333
917,outputs/run_0917.npz,100.0,0.3,22.0,30.0,2.0,0.5000,35.0,0.2,7516,7.2512,9.9355
918,outputs/run_0918.npz,100.0,0.3,22.0,35.0,2.0,0.4264,35.0,0.2,7516,8.4434,10.9835
919,outputs/run_0919.npz,150.0,0.3,18.0,25.0,2.0,0.5774,35.0,0.2,7516,3.2900,5.0459
920,outputs/run_0920.npz,150.0,0.3,18.0,30.0,2.0,0.5000,35.0,0.2,7516,4.0117,5.6693
921,outputs/run_0921.npz,150.0,0.3,18.0,35.0,2.0,0.4264,35.0,0.2,7516,4.6981,6.2621
922,outputs/run_0922.npz,150.0,0.3,20.0,25.0,2.0,0.5774,35.0,0.2,7516,3.6537,5.6379
923,outputs/run_0923.npz,150.0,0.3,20.0,30.0,2.0,0.5000,35.0,0.2,7516,4.4556,6.3307
924,outputs/run_0924.npz,150.0,0.3,20.0,35.0,2.0,0.4264,35.0,0.2,7516,5.2182,6.9893
925,outputs/run_0925.npz,150.0,0.3,22.0,25.0,2.0,0.5774,35.0,0.2,7516,4.0174,6.2300
926,outputs/run_0926.npz,150.0,0.3,22.0,30.0,2.0,0.5000,35.0,0.2,7516,4.8995,6.9920
927,outputs/run_0927.npz,150.0,0.3,22.0,35.0,2.0,0.4264,35.0,0.2,7516,5.7384,7.7165
928,outputs/run_0928.npz,300.0,0.3,18.0,25.0,2.0,0.5774,35.0,0.2,7516,1.5302,2.7914
929,outputs/run_0929.npz,300.0,0.3,18.0,30.0,2.0,0.5000,35.0,0.2,7516,1.9192,3.1106
930,outputs/run_0930.npz,300.0,0.3,18.0,35.0,2.0,0.4264,35.0,0.2,7516,2.2890,3.4143
931,outputs/run_0931.npz,300.0,0.3,20.0,25.0,2.0,0.5774,35.0,0.2,7516,1.6993,3.1172
932,outputs/run_0932.npz,300.0,0.3,20.0,30.0,2.0,0.5000,35.0,0.2,7516,2.1315,3.4719
933,outputs/run_0933.npz,300.0,0.3,20.0,35.0,2.0,0.4264,35.0,0.2,7516,2.5424,3.8092
934,outputs/run_0934.npz,300.0,0.3,22.0,25.0,2.0,0.5774,35.0,0.2,7516,1.8684,3.4430
935,outputs/run_0935.npz,300.0,0.3,22.0,30.0,2.0,0.5000,35.0,0.2,7516,2.3438,3.8331
936,outputs/run_0936.npz,300.0,0.3,22.0,35.0,2.0,0.4264,35.0,0.2,7516,2.7958,4.2042
937,outputs/run_0937.npz,500.0,0.3,18.0,25.0,2.0,0.5774,35.0,0.2,7516,0.7936,1.8334
938,outputs/run_0938.npz,500.0,0.3,18.0,30.0,2.0,0.5000,35.0,0.2,7516,1.0400,2.0231
939,outputs/run_0939.npz,500.0,0.3,18.0,35.0,2.0,0.4264,35.0,0.2,7516,1.2743,2.2035
940,outputs/run_0940.npz,500.0,0.3,20.0,25.0,2.0,0.5774,35.0,0.2,7516,0.8813,2.0464
941,outputs/run_0941.npz,500.0,0.3,20.0,30.0,2.0,0.5000,35.0,0.2,7516,1.1550,2.2572
942,outputs/run_0942.npz,500.0,0.3,20.0,35.0,2.0,0.4264,35.0,0.2,7516,1.4154,2.4576
943,outputs/run_0943.npz,500.0,0.3,22.0,25.0,2.0,0.5774,35.0,0.2,7516,0.9689,2.2595
944,outputs/run_0944.npz,500.0,0.3,22.0,30.0,2.0,0.5000,35.0,0.2,7516,1.2701,2.4913
945,outputs/run_0945.npz,500.0,0.3,22.0,35.0,2.0,0.4264,35.0,0.2,7516,1.5564,2.7118
946,outputs/run_0946.npz,50.0,0.3,18.0,25.0,2.0,0.5774,35.0,0.3,7792,6.1069,9.6002
947,outputs/run_0947.npz,50.0,0.3,18.0,30.0,2.0,0.5000,35.0,0.3,7792,7.3244,10.6827
948,outputs/run_0948.npz,50.0,0.3,18.0,35.0,2.0,0.4264,35.0,0.3,7792,8.4819,11.7120
949,outputs/run_0949.npz,50.0,0.3,20.0,25.0,2.0,0.5774,35.0,0.3,7792,6.7805,10.8120
950,outputs/run_0950.npz,50.0,0.3,20.0,30.0,2.0,0.5000,35.0,0.3,7792,8.1332,12.0148
951,outputs/run_0951.npz,50.0,0.3,20.0,35.0,2.0,0.4264,35.0,0.3,7792,9.4193,13.1584
952,outputs/run_0952.npz,50.0,0.3,22.0,25.0,2.0,0.5774,35.0,0.3,7792,7.4540,12.0239
953,outputs/run_0953.npz,50.0,0.3,22.0,30.0,2.0,0.5000,35.0,0.3,7792,8.9419,13.3469
954,outputs/run_0954.npz,50.0,0.3,22.0,35.0,2.0,0.4264,35.0,0.3,7792,10.3567,14.6049
955,outputs/run_0955.npz,100.0,0.3,18.0,25.0,2.0,0.5774,35.0,0.3,7792,3.8947,5.8593
956,outputs/run_0956.npz,100.0,0.3,18.0,30.0,2.0,0.5000,35.0,0.3,7792,4.6985,6.5657
957,outputs/run_0957.npz,100.0,0.3,18.0,35.0,2.0,0.4264,35.0,0.3,7792,5.4628,7.2372
958,outputs/run_0958.npz,100.0,0.3,20.0,25.0,2.0,0.5774,35.0,0.3,7792,4.3242,6.5822
959,outputs/run_0959.npz,100.0,0.3,20.0,30.0,2.0,0.5000,35.0,0.3,7792,5.2173,7.3670
960,outputs/run_0960.npz,100.0,0.3,20.0,35.0,2.0,0.4264,35.0,0.3,7792,6.0665,8.1132
961,outputs/run_0961.npz,100.0,0.3,22.0,25.0,2.0,0.5774,35.0,0.3,7792,4.7537,7.3050
962,outputs/run_0962.npz,100.0,0.3,22.0,30.0,2.0,0.5000,35.0,0.3,7792,5.7361,8.1683
963,outputs/run_0963.npz,100.0,0.3,22.0,35.0,2.0,0.4264,35.0,0.3,7792,6.6702,8.9891
964,outputs/run_0964.npz,150.0,0.3,18.0,25.0,2.0,0.5774,35.0,0.3,7792,2.8189,4.2992
965,outputs/run_0965.npz,150.0,0.3,18.0,30.0,2.0,0.5000,35.0,0.3,7792,3.4212,4.8221
966,outputs/run_0966.npz,150.0,0.3,18.0,35.0,2.0,0.4264,35.0,0.3,7792,3.9939,5.3193
967,outputs/run_0967.npz,150.0,0.3,20.0,25.0,2.0,0.5774,35.0,0.3,7792,3.1297,4.8244
968,outputs/run_0968.npz,150.0,0.3,20.0,30.0,2.0,0.5000,35.0,0.3,7792,3.7989,5.4055
969,outputs/run_0969.npz,150.0,0.3,20.0,35.0,2.0,0.4264,35.0,0.3,7792,4.4353,5.9579
970,outputs/run_0970.npz,150.0,0.3,22.0,25.0,2.0,0.5774,35.0,0.3,7792,3.4405,5.3497
971,outputs/run_0971.npz,150.0,0.3,22.0,30.0,2.0,0.5000,35.0,0.3,7792,4.1766,5.9888
972,outputs/run_0972.npz,150.0,0.3,22.0,35.0,2.0,0.4264,35.0,0.3,7792,4.8766,6.5965
973,outputs/run_0973.npz,300.0,0.3,18.0,25.0,2.0,0.5774,35.0,0.3,7792,1.4678,2.4755
974,outputs/run_0974.npz,300.0,0.3,18.0,30.0,2.0,0.5000,35.0,0.3,7792,1.8159,2.7669
975,outputs/run_0975.npz,300.0,0.3,18.0,35.0,2.0,0.4264,35.0,0.3,7792,2.1469,3.0441
976,outputs/run_0976.npz,300.0,0.3,20.0,25.0,2.0,0.5774,35.0,0.3,7792,1.6296,2.7741
977,outputs/run_0977.npz,300.0,0.3,20.0,30.0,2.0,0.5000,35.0,0.3,7792,2.0164,3.0980
978,outputs/run_0978.npz,300.0,0.3,20.0,35.0,2.0,0.4264,35.0,0.3,7792,2.3842,3.4059
979,outputs/run_0979.npz,300.0,0.3,22.0,25.0,2.0,0.5774,35.0,0.3,7792,1.7913,3.0728
980,outputs/run_0980.npz,300.0,0.3,22.0,30.0,2.0,0.5000,35.0,0.3,7792,2.2168,3.4290
981,outputs/run_0981.npz,300.0,0.3,22.0,35.0,2.0,0.4264,35.0,0.3,7792,2.6214,3.7677
982,outputs/run_0982.npz,500.0,0.3,18.0,25.0,2.0,0.5774,35.0,0.3,7792,0.8302,1.6431
983,outputs/run_0983.npz,500.0,0.3,18.0,30.0,2.0,0.5000,35.0,0.3,7792,1.0566,1.8237
984,outputs/run_0984.npz,500.0,0.3,18.0,35.0,2.0,0.4264,35.0,0.3,7792,1.2719,1.9959
985,outputs/run_0985.npz,500.0,0.3,20.0,25.0,2.0,0.5774,35.0,0.3,7792,0.9216,1.8397
986,outputs/run_0986.npz,500.0,0.3,20.0,30.0,2.0,0.5000,35.0,0.3,7792,1.1732,2.0404
987,outputs/run_0987.npz,500.0,0.3,20.0,35.0,2.0,0.4264,35.0,0.3,7792,1.4125,2.2317
988,outputs/run_0988.npz,500.0,0.3,22.0,25.0,2.0,0.5774,35.0,0.3,7792,1.0131,2.0364
989,outputs/run_0989.npz,500.0,0.3,22.0,30.0,2.0,0.5000,35.0,0.3,7792,1.2898,2.2571
990,outputs/run_0990.npz,500.0,0.3,22.0,35.0,2.0,0.4264,35.0,0.3,7792,1.5530,2.4676
991,outputs/run_0991.npz,50.0,0.3,18.0,25.0,2.0,0.5774,35.0,0.4,8076,3.8541,7.2145
992,outputs/run_0992.npz,50.0,0.3,18.0,30.0,2.0,0.5000,35.0,0.4,8076,4.6342,7.9021
993,outputs/run_0993.npz,50.0,0.3,18.0,35.0,2.0,0.4264,35.0,0.4,8076,5.3759,8.5561
994,outputs/run_0994.npz,50.0,0.3,20.0,25.0,2.0,0.5774,35.0,0.4,8076,4.2780,8.2120
995,outputs/run_0995.npz,50.0,0.3,20.0,30.0,2.0,0.5000,35.0,0.4,8076,5.1448,8.9761
996,outputs/run_0996.npz,50.0,0.3,20.0,35.0,2.0,0.4264,35.0,0.4,8076,5.9689,9.7028
997,outputs/run_0997.npz,50.0,0.3,22.0,25.0,2.0,0.5774,35.0,0.4,8076,4.7019,9.2096
998,outputs/run_0998.npz,50.0,0.3,22.0,30.0,2.0,0.5000,35.0,0.4,8076,5.6553,10.0501
999,outputs/run_0999.npz,50.0,0.3,22.0,35.0,2.0,0.4264,35.0,0.4,8076,6.5619,10.8495
1000,outputs/run_1000.npz,100.0,0.3,18.0,25.0,2.0,0.5774,35.0,0.4,8076,2.8187,4.6468
1001,outputs/run_1001.npz,100.0,0.3,18.0,30.0,2.0,0.5000,35.0,0.4,8076,3.4053,5.1587
1002,outputs/run_1002.npz,100.0,0.3,18.0,35.0,2.0,0.4264,35.0,0.4,8076,3.9630,5.6456
1003,outputs/run_1003.npz,100.0,0.3,20.0,25.0,2.0,0.5774,35.0,0.4,8076,3.1286,5.2600
1004,outputs/run_1004.npz,100.0,0.3,20.0,30.0,2.0,0.5000,35.0,0.4,8076,3.7804,5.8288
1005,outputs/run_1005.npz,100.0,0.3,20.0,35.0,2.0,0.4264,35.0,0.4,8076,4.4001,6.3699
1006,outputs/run_1006.npz,100.0,0.3,22.0,25.0,2.0,0.5774,35.0,0.4,8076,3.4386,5.8732
1007,outputs/run_1007.npz,100.0,0.3,22.0,30.0,2.0,0.5000,35.0,0.4,8076,4.1556,6.4990
1008,outputs/run_1008.npz,100.0,0.3,22.0,35.0,2.0,0.4264,35.0,0.4,8076,4.8373,7.0941
1009,outputs/run_1009.npz,150.0,0.3,18.0,25.0,2.0,0.5774,35.0,0.4,8076,2.2020,3.5419
1010,outputs/run_1010.npz,150.0,0.3,18.0,30.0,2.0,0.5000,35.0,0.4,8076,2.6732,3.9490
1011,outputs/run_1011.npz,150.0,0.3,18.0,35.0,2.0,0.4264,35.0,0.4,8076,3.1213,4.3362
1012,outputs/run_1012.npz,150.0,0.3,20.0,25.0,2.0,0.5774,35.0,0.4,8076,2.4441,3.9997
1013,outputs/run_1013.npz,150.0,0.3,20.0,30.0,2.0,0.5000,35.0,0.4,8076,2.9677,4.4519
1014,outputs/run_1014.npz,150.0,0.3,20.0,35.0,2.0,0.4264,35.0,0.4,8076,3.4655,4.8822
1015,outputs/run_1015.npz,150.0,0.3,22.0,25.0,2.0,0.5774,35.0,0.4,8076,2.6863,4.4574
1016,outputs/run_1016.npz,150.0,0.3,22.0,30.0,2.0,0.5000,35.0,0.4,8076,3.2622,4.9549
1017,outputs/run_1017.npz,150.0,0.3,22.0,35.0,2.0,0.4264,35.0,0.4,8076,3.8098,5.4282
1018,outputs/run_1018.npz,300.0,0.3,18.0,25.0,2.0,0.5774,35.0,0.4,8076,1.2850,2.1571
1019,outputs/run_1019.npz,300.0,0.3,18.0,30.0,2.0,0.5000,35.0,0.4,8076,1.5840,2.4079
1020,outputs/run_1020.npz,300.0,0.3,18.0,35.0,2.0,0.4264,35.0,0.4,8076,1.8683,2.6464
1021,outputs/run_1021.npz,300.0,0.3,20.0,25.0,2.0,0.5774,35.0,0.4,8076,1.4263,2.4285
1022,outputs/run_1022.npz,300.0,0.3,20.0,30.0,2.0,0.5000,35.0,0.4,8076,1.7584,2.7072
1023,outputs/run_1023.npz,300.0,0.3,20.0,35.0,2.0,0.4264,35.0,0.4,8076,2.0743,2.9722
1024,outputs/run_1024.npz,300.0,0.3,22.0,25.0,2.0,0.5774,35.0,0.4,8076,1.5675,2.7000
1025,outputs/run_1025.npz,300.0,0.3,22.0,30.0,2.0,0.5000,35.0,0.4,8076,1.9329,3.0065
1026,outputs/run_1026.npz,300.0,0.3,22.0,35.0,2.0,0.4264,35.0,0.4,8076,2.2803,3.2980
1027,outputs/run_1027.npz,500.0,0.3,18.0,25.0,2.0,0.5774,35.0,0.4,8076,0.7825,1.4704
1028,outputs/run_1028.npz,500.0,0.3,18.0,30.0,2.0,0.5000,35.0,0.4,8076,0.9859,1.6348
1029,outputs/run_1029.npz,500.0,0.3,18.0,35.0,2.0,0.4264,35.0,0.4,8076,1.1794,1.7912
1030,outputs/run_1030.npz,500.0,0.3,20.0,25.0,2.0,0.5774,35.0,0.4,8076,0.8684,1.6526
1031,outputs/run_1031.npz,500.0,0.3,20.0,30.0,2.0,0.5000,35.0,0.4,8076,1.0945,1.8354
1032,outputs/run_1032.npz,500.0,0.3,20.0,35.0,2.0,0.4264,35.0,0.4,8076,1.3095,2.0092
1033,outputs/run_1033.npz,500.0,0.3,22.0,25.0,2.0,0.5774,35.0,0.4,8076,0.9543,1.8349
1034,outputs/run_1034.npz,500.0,0.3,22.0,30.0,2.0,0.5000,35.0,0.4,8076,1.2030,2.0360
1035,outputs/run_1035.npz,500.0,0.3,22.0,35.0,2.0,0.4264,35.0,0.4,8076,1.4395,2.2271
1036,outputs/run_1036.npz,50.0,0.3,18.0,25.0,2.0,0.5774,35.0,0.5,8644,2.4672,5.6808
1037,outputs/run_1037.npz,50.0,0.3,18.0,30.0,2.0,0.5000,35.0,0.5,8644,2.9788,6.1266
1038,outputs/run_1038.npz,50.0,0.3,18.0,35.0,2.0,0.4264,35.0,0.5,8644,3.4652,6.5504
1039,outputs/run_1039.npz,50.0,0.3,20.0,25.0,2.0,0.5774,35.0,0.5,8644,2.7377,6.5590
1040,outputs/run_1040.npz,50.0,0.3,20.0,30.0,2.0,0.5000,35.0,0.5,8644,3.3062,7.0543
1041,outputs/run_1041.npz,50.0,0.3,20.0,35.0,2.0,0.4264,35.0,0.5,8644,3.8467,7.5252
1042,outputs/run_1042.npz,50.0,0.3,22.0,25.0,2.0,0.5774,35.0,0.5,8644,3.0083,7.4372
1043,outputs/run_1043.npz,50.0,0.3,22.0,30.0,2.0,0.5000,35.0,0.5,8644,3.6336,7.9820
1044,outputs/run_1044.npz,50.0,0.3,22.0,35.0,2.0,0.4264,35.0,0.5,8644,4.2281,8.5000
1045,outputs/run_1045.npz,100.0,0.3,18.0,25.0,2.0,0.5774,35.0,0.5,8644,1.9820,3.7104
1046,outputs/run_1046.npz,100.0,0.3,18.0,30.0,2.0,0.5000,35.0,0.5,8644,2.4029,4.0740
1047,outputs/run_1047.npz,100.0,0.3,18.0,35.0,2.0,0.4264,35.0,0.5,8644,2.8031,4.4198
1048,outputs/run_1048.npz,100.0,0.3,20.0,25.0,2.0,0.5774,35.0,0.5,8644,2.1993,4.2450
1049,outputs/run_1049.npz,100.0,0.3,20.0,30.0,2.0,0.5000,35.0,0.5,8644,2.6669,4.6491
1050,outputs/run_1050.npz,100.0,0.3,20.0,35.0,2.0,0.4264,35.0,0.5,8644,3.1116,5.0333
1051,outputs/run_1051.npz,100.0,0.3,22.0,25.0,2.0,0.5774,35.0,0.5,8644,2.4166,4.7797
1052,outputs/run_1052.npz,100.0,0.3,22.0,30.0,2.0,0.5000,35.0,0.5,8644,2.9310,5.2241
1053,outputs/run_1053.npz,100.0,0.3,22.0,35.0,2.0,0.4264,35.0,0.5,8644,3.4201,5.6467
1054,outputs/run_1054.npz,150.0,0.3,18.0,25.0,2.0,0.5774,35.0,0.5,8644,1.6467,2.8946
1055,outputs/run_1055.npz,150.0,0.3,18.0,30.0,2.0,0.5000,35.0,0.5,8644,2.0046,3.2014
1056,outputs/run_1056.npz,150.0,0.3,18.0,35.0,2.0,0.4264,35.0,0.5,8644,2.3451,3.4931
1057,outputs/run_1057.npz,150.0,0.3,20.0,25.0,2.0,0.5774,35.0,0.5,8644,1.8272,3.2973
1058,outputs/run_1058.npz,150.0,0.3,20.0,30.0,2.0,0.5000,35.0,0.5,8644,2.2249,3.6382
1059,outputs/run_1059.npz,150.0,0.3,20.0,35.0,2.0,0.4264,35.0,0.5,8644,2.6032,3.9623
1060,outputs/run_1060.npz,150.0,0.3,22.0,25.0,2.0,0.5774,35.0,0.5,8644,2.0077,3.6999
1061,outputs/run_1061.npz,150.0,0.3,22.0,30.0,2.0,0.5000,35.0,0.5,8644,2.4452,4.0749
1062,outputs/run_1062.npz,150.0,0.3,22.0,35.0,2.0,0.4264,35.0,0.5,8644,2.8613,4.4315
1063,outputs/run_1063.npz,300.0,0.3,18.0,25.0,2.0,0.5774,35.0,0.5,8644,1.0659,1.8517
1064,outputs/run_1064.npz,300.0,0.3,18.0,30.0,2.0,0.5000,35.0,0.5,8644,1.3148,2.0597
1065,outputs/run_1065.npz,300.0,0.3,18.0,35.0,2.0,0.4264,35.0,0.5,8644,1.5513,2.2575
1066,outputs/run_1066.npz,300.0,0.3,20.0,25.0,2.0,0.5774,35.0,0.5,8644,1.1827,2.0975
1067,outputs/run_1067.npz,300.0,0.3,20.0,30.0,2.0,0.5000,35.0,0.5,8644,1.4592,2.3286
1068,outputs/run_1068.npz,300.0,0.3,20.0,35.0,2.0,0.4264,35.0,0.5,8644,1.7221,2.5484
1069,outputs/run_1069.npz,300.0,0.3,22.0,25.0,2.0,0.5774,35.0,0.5,8644,1.2995,2.3433
1070,outputs/run_1070.npz,300.0,0.3,22.0,30.0,2.0,0.5000,35.0,0.5,8644,1.6036,2.5975
1071,outputs/run_1071.npz,300.0,0.3,22.0,35.0,2.0,0.4264,35.0,0.5,8644,1.8928,2.8393
1072,outputs/run_1072.npz,500.0,0.3,18.0,25.0,2.0,0.5774,35.0,0.5,8644,0.6957,1.3034
1073,outputs/run_1073.npz,500.0,0.3,18.0,30.0,2.0,0.5000,35.0,0.5,8644,0.8742,1.4478
1074,outputs/run_1074.npz,500.0,0.3,18.0,35.0,2.0,0.4264,35.0,0.5,8644,1.0441,1.5853
1075,outputs/run_1075.npz,500.0,0.3,20.0,25.0,2.0,0.5774,35.0,0.5,8644,0.7718,1.4721
1076,outputs/run_1076.npz,500.0,0.3,20.0,30.0,2.0,0.5000,35.0,0.5,8644,0.9702,1.6325
1077,outputs/run_1077.npz,500.0,0.3,20.0,35.0,2.0,0.4264,35.0,0.5,8644,1.1590,1.7852
1078,outputs/run_1078.npz,500.0,0.3,22.0,25.0,2.0,0.5774,35.0,0.5,8644,0.8480,1.6407
1079,outputs/run_1079.npz,500.0,0.3,22.0,30.0,2.0,0.5000,35.0,0.5,8644,1.0662,1.8172
1080,outputs/run_1080.npz,500.0,0.3,22.0,35.0,2.0,0.4264,35.0,0.5,8644,1.2739,1.9852
