theta_deg,N_kN_per_m,M_kNm_per_m
0.000000000000000000e+00,-1.032650018530303896e+03,-7.839753257594452407e+01
1.000000000000000000e+00,-1.031500760098285355e+03,-7.848890452931657080e+01
2.000000000000000000e+00,-1.030090580335851655e+03,-7.850810875329176497e+01
3.000000000000000444e+00,-1.028419227690926846e+03,-7.845046111219529905e+01
4.000000000000000000e+00,-1.026486364672773789e+03,-7.831025686172095845e+01
5.000000000000000000e+00,-1.024291592420050392e+03,-7.808088930879280554e+01
6.000000000000000888e+00,-1.021834491797864530e+03,-7.775490753712425374e+01
7.000000000000000000e+00,-1.019114682219219844e+03,-7.732423189427498755e+01
8.000000000000000000e+00,-1.016131898739380517e+03,-7.678027469595389221e+01
9.000000000000000000e+00,-1.012886087116980548e+03,-7.611438235277468323e+01
1.000000000000000000e+01,-1.009377515491339977e+03,-7.531791355267986887e+01
1.100000000000000000e+01,-1.005606900134180364e+03,-7.438275798372518466e+01
1.200000000000000178e+01,-1.001575541463197510e+03,-7.330161154970626569e+01
1.300000000000000000e+01,-9.972854652442645147e+02,-7.206842703752798229e+01
1.400000000000000000e+01,-9.927395627642690670e+02,-7.067870322762503577e+01
1.499999999999999822e+01,-9.879417228412742134e+02,-6.913003026367701409e+01
1.600000000000000000e+01,-9.828969479637421500e+02,-6.742213847607945354e+01
1.700000000000000000e+01,-9.776114467124814382e+02,-6.555743552995780021e+01
1.800000000000000000e+01,-9.720926949887962110e+02,-6.354100239594545485e+01
1.900000000000000000e+01,-9.663494594856862250e+02,-6.138074495898563043e+01
2.000000000000000000e+01,-9.603917782892771129e+02,-5.908737002531583471e+01
2.100000000000000000e+01,-9.542308954327431820e+02,-5.667422986109419725e+01
2.200000000000000000e+01,-9.478791485480469419e+02,-5.415696693734870593e+01
2.300000000000000000e+01,-9.413498113359098625e+02,-5.155320862021079620e+01
2.400000000000000355e+01,-9.346568952358072693e+02,-4.888214185501762898e+01
2.500000000000000000e+01,-9.278149172427307576e+02,-4.616371918815571718e+01
2.600000000000000000e+01,-9.208386431009075750e+02,-4.341820170111373756e+01
2.700000000000000000e+01,-9.137428169346399045e+02,-4.066532718350208597e+01
2.800000000000000000e+01,-9.065418896086770246e+02,-3.792375916074848163e+01
2.900000000000000355e+01,-8.992497586407220069e+02,-3.521037316577333343e+01
2.999999999999999645e+01,-8.918795322615404757e+02,-3.253958839616269216e+01
3.100000000000000000e+01,-8.844433292319482689e+02,-2.992305896749284244e+01
3.200000000000000000e+01,-8.769521243329679692e+02,-2.736913810151595072e+01
3.300000000000000000e+01,-8.694156471473996817e+02,-2.488273095089458309e+01
3.400000000000000000e+01,-8.618423389910469723e+02,-2.246518743689998487e+01
3.500000000000000000e+01,-8.542393698029929965e+02,-2.011439790231885283e+01
3.600000000000000000e+01,-8.466127136565015689e+02,-1.782506990155831872e+01
3.700000000000000000e+01,-8.389672784979919697e+02,-1.558903815911443758e+01
3.800000000000000000e+01,-8.313070829430590720e+02,-1.339580926294006069e+01
3.900000000000000000e+01,-8.236354706149454614e+02,-1.123321990783065694e+01
4.000000000000000000e+01,-8.159553507292964696e+02,-9.087966798598921869e+00
4.100000000000000000e+01,-8.082694524974649539e+02,-6.946464494729962524e+00
4.200000000000000000e+01,-8.005805804847465197e+02,-4.795501476568108323e+00
4.300000000000000000e+01,-7.928918583222880443e+02,-2.622853101860804337e+00
4.400000000000000000e+01,-7.852069490939825300e+02,-4.179699861671029582e-01
4.500000000000000000e+01,-7.775302422283423311e+02,1.827589575942343503e+00
4.600000000000000000e+01,-7.698669987162854795e+02,4.119619866381772688e+00
4.700000000000000000e+01,-7.622234488230527631e+02,6.461056217617251463e+00
4.800000000000000711e+01,-7.546068390261286822e+02,8.851955942766863927e+00
4.900000000000000000e+01,-7.470254275454465187e+02,1.128928462442488012e+01
5.000000000000000000e+01,-7.394884303940424388e+02,1.376719599773148239e+01
5.100000000000000000e+01,-7.320059222331937008e+02,1.627722006697698376e+01
5.200000000000000000e+01,-7.245886983489539261e+02,1.880856693569048232e+01
5.300000000000000000e+01,-7.172481056818044181e+02,2.134878216674540496e+01
5.400000000000000000e+01,-7.099958519693362859e+02,2.388397081132410094e+01
5.500000000000000000e+01,-7.028438026641903207e+02,2.639951655206430203e+01
5.600000000000000000e+01,-6.958037753575106308e+02,2.888053364130638911e+01
5.700000000000000711e+01,-6.888873409941168120e+02,3.131243365291835445e+01
5.800000000000000711e+01,-6.821056402603337574e+02,3.368140280078372939e+01
5.900000000000000711e+01,-6.754692222347478037e+02,3.597480058905179590e+01
5.999999999999999289e+01,-6.689879108118039994e+02,3.818154515136558302e+01
6.100000000000000000e+01,-6.626707026468310460e+02,4.029229294256209215e+01
6.200000000000000000e+01,-6.565256985434430135e+02,4.229979715034800591e+01
6.300000000000000000e+01,-6.505600684226701560e+02,4.419882679239501044e+01
6.400000000000000000e+01,-6.447800483802442386e+02,4.598623666318714243e+01
6.500000000000000000e+01,-6.391909669401240990e+02,4.766089765472377593e+01
6.600000000000000000e+01,-6.337972965125047722e+02,4.922355834071912284e+01
6.700000000000000000e+01,-6.286027253014342477e+02,5.067661704450729587e+01
6.800000000000000000e+01,-6.236102444923016037e+02,5.202395125066829706e+01
6.900000000000000000e+01,-6.188222454683740352e+02,5.327053919826840200e+01
7.000000000000000000e+01,-6.142406220214007817e+02,5.442232983799114265e+01
7.100000000000000000e+01,-6.098668729794659384e+02,5.548584777609075758e+01
7.200000000000000000e+01,-6.057022013100589675e+02,5.646799462677137171e+01
7.300000000000000000e+01,-6.017476064975970758e+02,5.737571792922816627e+01
7.400000000000000000e+01,-5.980039677745710378e+02,5.821589287380966482e+01
7.500000000000000000e+01,-5.944721165444818780e+02,5.899501660162918171e+01
7.600000000000000000e+01,-5.911528970258183335e+02,5.971906427353862057e+01
7.700000000000000000e+01,-5.880472147376863177e+02,6.039349122410973081e+01
7.800000000000000000e+01,-5.851560729235446843e+02,6.102283646267225237e+01
7.900000000000000000e+01,-5.824805973686661673e+02,6.161099424514790712e+01
8.000000000000000000e+01,-5.800220503202974669e+02,6.216084999535708278e+01
8.100000000000000000e+01,-5.777818343861813446e+02,6.267451786814049086e+01
8.200000000000000000e+01,-5.757614873901278543e+02,6.315319226064855940e+01
8.300000000000000000e+01,-5.739626692256932756e+02,6.359726000138186208e+01
8.400000000000000000e+01,-5.723871417900586493e+02,6.400628046151540218e+01
8.500000000000000000e+01,-5.710367431133075797e+02,6.437909479365102072e+01
8.600000000000000000e+01,-5.699133568298647106e+02,6.471390640868398236e+01
8.700000000000000000e+01,-5.690188781683234538e+02,6.500836347522174208e+01
8.800000000000000000e+01,-5.683551776572843437e+02,6.525957831701173006e+01
8.900000000000000000e+01,-5.679240637486576588e+02,6.546438155549684268e+01
9.000000000000000000e+01,-5.677272455358385059e+02,6.561923795431003725e+01
9.100000000000000000e+01,-5.677662966833590872e+02,6.572049460651180652e+01
9.200000000000000000e+01,-5.680426215817361708e+02,6.576436867153661581e+01
9.300000000000000000e+01,-5.685574245955911010e+02,6.574705695630764524e+01
9.400000000000000000e+01,-5.693116830891524387e+02,6.566485008466575835e+01
9.500000000000000000e+01,-5.703061246998614706e+02,6.551409644841571378e+01
9.600000000000001421e+01,-5.715412091001486488e+02,6.529139082957412654e+01
9.700000000000000000e+01,-5.730171142532892645e+02,6.499348854605491965e+01
9.800000000000000000e+01,-5.747337269450675876e+02,6.461738647283878834e+01
9.900000000000000000e+01,-5.766906371704152434e+02,6.416034389998075937e+01
1.000000000000000000e+02,-5.788871357820503363e+02,6.361989165752832776e+01
1.010000000000000000e+02,-5.813222146717106398e+02,6.299380631265682240e+01
1.020000000000000000e+02,-5.839945686561641196e+02,6.228014253096433350e+01
1.030000000000000000e+02,-5.869025981796709175e+02,6.147724953926480396e+01
1.040000000000000000e+02,-5.900444119207523954e+02,6.058362541560649817e+01
1.050000000000000142e+02,-5.934178284029903807e+02,5.959824198103166992e+01
1.060000000000000000e+02,-5.970203757572065797e+02,5.852006236104489290e+01
1.070000000000000000e+02,-6.008492888676711345e+02,5.734853476188808941e+01
1.080000000000000000e+02,-6.049015032614954634e+02,5.608332488503471325e+01
1.090000000000000000e+02,-6.091736452723146158e+02,5.472433133215454149e+01
1.100000000000000000e+02,-6.136620182305383651e+02,5.327196081211778278e+01
1.110000000000000000e+02,-6.183625847038672418e+02,5.172690096715200525e+01
1.120000000000000000e+02,-6.232709451302806656e+02,5.009033395863705351e+01
1.130000000000000000e+02,-6.283823135418255106e+02,4.836390904389908485e+01
1.140000000000000142e+02,-6.336914914549672631e+02,4.654995244806958254e+01
1.150000000000000000e+02,-6.391928413784662553e+02,4.465132477880012374e+01
1.160000000000000142e+02,-6.448802617332677301e+02,4.267169972272935041e+01
1.170000000000000000e+02,-6.507471652575060261e+02,4.061543036475967483e+01
1.180000000000000142e+02,-6.567864631494069272e+02,3.848772015585394257e+01
1.190000000000000000e+02,-6.629905572507734632e+02,3.629457739329983212e+01
1.199999999999999858e+02,-6.693513424698024892e+02,3.404285868363081136e+01
1.210000000000000000e+02,-6.758602213706147950e+02,3.174017447884907384e+01
1.220000000000000000e+02,-6.825081324176459248e+02,2.939488858873646748e+01
1.230000000000000142e+02,-6.892855927699197309e+02,2.701591905455473253e+01
1.240000000000000000e+02,-6.961827558018549098e+02,2.461271636878115032e+01
1.250000000000000142e+02,-7.031894827248755746e+02,2.219496444600024532e+01
1.260000000000000000e+02,-7.102954268489397691e+02,1.977244915330704345e+01
1.270000000000000142e+02,-7.174901282116619541e+02,1.735483997683807544e+01
1.280000000000000000e+02,-7.247631155722332323e+02,1.495137522114701234e+01
1.290000000000000000e+02,-7.321040121705616457e+02,1.257071606761146931e+01
1.300000000000000000e+02,-7.395026412326412810e+02,1.022053170282294943e+01
1.310000000000000000e+02,-7.469491269920786181e+02,7.907495146749914383e+00
1.320000000000000000e+02,-7.544339870109197363e+02,5.636841247097001961e+00
1.330000000000000000e+02,-7.619482118204090284e+02,3.412353916952556521e+00
1.340000000000000000e+02,-7.694833283490621625e+02,1.236211337472781668e+00
1.350000000000000000e+02,-7.770314442332908129e+02,-8.912123653245057620e-01
1.360000000000000000e+02,-7.845852708767567947e+02,-2.971171833821642405e+00
1.370000000000000000e+02,-7.921381239944745403e+02,-5.006628233637925973e+00
1.380000000000000000e+02,-7.996839012998595990e+02,-7.002168003195526680e+00
1.390000000000000000e+02,-8.072170379220501673e+02,-8.963794403963195379e+00
1.400000000000000000e+02,-8.147324410355231521e+02,-1.089872565659509895e+01
1.410000000000000000e+02,-8.222254060086435175e+02,-1.281512232212149627e+01
1.420000000000000000e+02,-8.296915171035311687e+02,-1.472182250239688450e+01
1.430000000000000000e+02,-8.371265363642936563e+02,-1.662803983049710155e+01
1.440000000000000000e+02,-8.445262847981096002e+02,-1.854294511159046266e+01
1.450000000000000000e+02,-8.518865202725913832e+02,-2.047537713284980754e+01
1.460000000000000000e+02,-8.592028167158423457e+02,-2.243349581583528263e+01
1.470000000000000000e+02,-8.664704492080784348e+02,-2.442438094761910605e+01
1.480000000000000000e+02,-8.736842893936828887e+02,-2.645387887824703199e+01
1.490000000000000000e+02,-8.808387153208875588e+02,-2.852620225340645987e+01
1.500000000000000000e+02,-8.879275393373981160e+02,-3.064380964493825132e+01
1.510000000000000000e+02,-8.949439570434634561e+02,-3.280718283024613413e+01
1.520000000000000000e+02,-9.018805195444765559e+02,-3.501480896705874812e+01
1.530000000000000000e+02,-9.087291303759540142e+02,-3.726314256532573665e+01
1.540000000000000000e+02,-9.154810675250906797e+02,-3.954661555509373017e+01
1.550000000000000000e+02,-9.221270299833340687e+02,-4.185777406715531868e+01
1.560000000000000000e+02,-9.286572072781444831e+02,-4.418746022738211821e+01
1.570000000000000000e+02,-9.350613694981778963e+02,-4.652496574563804899e+01
1.580000000000000000e+02,-9.413289744945388975e+02,-4.885847950651331217e+01
1.590000000000000000e+02,-9.474492882587271652e+02,-5.117511920740032139e+01
1.600000000000000000e+02,-9.534115139861091848e+02,-5.346152988129976791e+01
1.610000000000000000e+02,-9.592049250622467298e+02,-5.570410928319658694e+01
1.620000000000000000e+02,-9.648189971747514164e+02,-5.788932667664271747e+01
1.630000000000000000e+02,-9.702435349562744022e+02,-6.000406915442127342e+01
1.640000000000000000e+02,-9.754687889893167494e+02,-6.203600898592542734e+01
1.650000000000000000e+02,-9.804855596196590568e+02,-6.397375916570544518e+01
1.660000000000000000e+02,-9.852852847882710421e+02,-6.580713424754368646e+01
1.670000000000000000e+02,-9.898601099478619290e+02,-6.752745459299310937e+01
1.680000000000000000e+02,-9.942029390212012459e+02,-6.912743349740139820e+01
1.690000000000000000e+02,-9.983074662255871772e+02,-7.060147800840908872e+01
1.700000000000000000e+02,-1.002168189377934027e+03,-7.194555480931548175e+01
1.710000000000000000e+02,-1.005780405964110287e+03,-7.315731559404356688e+01
1.720000000000000000e+02,-1.009140193773306464e+03,-7.423591332751730931e+01
1.730000000000000000e+02,-1.012244378247118902e+03,-7.518194594497812488e+01
1.740000000000000000e+02,-1.015090488872800165e+03,-7.599738470663081102e+01
1.750000000000000000e+02,-1.017676706973907471e+03,-7.668537834131065267e+01
1.760000000000000000e+02,-1.020001807144427744e+03,-7.725006398190755874e+01
1.770000000000000000e+02,-1.022065094367668621e+03,-7.769647576324017280e+01
1.780000000000000000e+02,-1.023866338596409605e+03,-7.803026886808284246e+01
1.790000000000000000e+02,-1.025405708283712329e+03,-7.825759738009149658e+01
1.800000000000000000e+02,-1.026683704078496703e+03,-7.838490222909223348e+01
1.810000000000000000e+02,-1.027701093663712072e+03,-7.841876548512210832e+01
1.820000000000000000e+02,-1.028458848536216010e+03,-7.836562046786632152e+01
1.830000000000000000e+02,-1.028958083415049259e+03,-7.823172992955132088e+01
1.840000000000000000e+02,-1.029199998918187475e+03,-7.802292703758939751e+01
1.850000000000000000e+02,-1.029185828158422510e+03,-7.774447367697783307e+01
1.860000000000000000e+02,-1.028916787962463331e+03,-7.740091409549732759e+01
1.870000000000000000e+02,-1.028394035495783328e+03,-7.699602067958350915e+01
1.880000000000000000e+02,-1.027618631160749374e+03,-7.653253598494407584e+01
1.890000000000000000e+02,-1.026591508710097060e+03,-7.601221055008693384e+01
1.900000000000000000e+02,-1.025313453568044451e+03,-7.543569332137484196e+01
1.910000000000000000e+02,-1.023785090367413886e+03,-7.480245275372041647e+01
1.920000000000000284e+02,-1.022006880687206603e+03,-7.411077859733609330e+01
1.930000000000000000e+02,-1.019979131908535351e+03,-7.335784321823336995e+01
1.940000000000000000e+02,-1.017702017996864242e+03,-7.253962010478342393e+01
1.950000000000000000e+02,-1.015175612864643654e+03,-7.165113159546190502e+01
1.960000000000000000e+02,-1.012399936768892871e+03,-7.068637947907083685e+01
1.970000000000000000e+02,-1.009375015949022668e+03,-6.963864739691405248e+01
1.980000000000000000e+02,-1.006100955404635329e+03,-6.850065480402774654e+01
1.990000000000000000e+02,-1.002578024342831100e+03,-6.726463663905377643e+01
2.000000000000000000e+02,-9.988067533812004513e+02,-6.592283020675515104e+01
2.010000000000000284e+02,-9.947880420704561857e+02,-6.446756858456123496e+01
2.020000000000000000e+02,-9.905232746996501874e+02,-6.289172122056734082e+01
2.030000000000000000e+02,-9.860144416766574977e+02,-6.118885714276769505e+01
2.040000000000000000e+02,-9.812642630591437864e+02,-5.935382039745214655e+01
2.050000000000000000e+02,-9.762763100830964049e+02,-5.738275911406681473e+01
2.060000000000000000e+02,-9.710551198489397393e+02,-5.527373667182678219e+01
2.070000000000000000e+02,-9.656062977445349134e+02,-5.302676756138713898e+01
2.080000000000000000e+02,-9.599366017852875075e+02,-5.064419973397027519e+01
2.090000000000000000e+02,-9.540540029132481550e+02,-4.813086360022282406e+01
2.100000000000000284e+02,-9.479677154948485622e+02,-4.549412709797270793e+01
2.110000000000000000e+02,-9.416881928528555363e+02,-4.274394454162343493e+01
2.120000000000000000e+02,-9.352270837018884322e+02,-3.989276231591119881e+01
2.130000000000000000e+02,-9.285971468363499071e+02,-3.695530666211822535e+01
2.140000000000000000e+02,-9.218121233144501048e+02,-3.394825233885268290e+01
2.150000000000000000e+02,-9.148865676190088152e+02,-3.088981989907282966e+01
2.160000000000000000e+02,-9.078356417390718889e+02,-2.779929040899173032e+01
2.170000000000000000e+02,-9.006748786518828638e+02,-2.469633082919928668e+01
2.180000000000000000e+02,-8.934199241088059580e+02,-2.160042697499443065e+01
2.190000000000000284e+02,-8.860862677416245106e+02,-1.853020723720697305e+01
2.200000000000000000e+02,-8.786889761081681627e+02,-1.550262002857726351e+01
2.210000000000000000e+02,-8.712424412084172900e+02,-1.253250529169149097e+01
2.220000000000000000e+02,-8.637601580824042458e+02,-9.631943197201685791e+00
2.230000000000000000e+02,-8.562545442629492527e+02,-6.809774881969987703e+00
2.240000000000000000e+02,-8.487368120820187869e+02,-4.071408061513769105e+00
2.250000000000000000e+02,-8.412169021787440215e+02,-1.418537767240954262e+00
2.260000000000000000e+02,-8.337034831674662883e+02,1.150646109089271008e+00
2.270000000000000000e+02,-8.262040185052123888e+02,3.641325757309460176e+00
2.280000000000000284e+02,-8.187248974176343381e+02,6.061725125762904121e+00
2.290000000000000000e+02,-8.112716226065761020e+02,8.422438733433393665e+00
2.300000000000000000e+02,-8.038490436898671305e+02,1.073584781636882823e+01
2.309999999999999716e+02,-7.964616222182663705e+02,1.301535539359250571e+01
2.320000000000000284e+02,-7.891137119362753083e+02,1.527453930541317817e+01
2.330000000000000000e+02,-7.818098368950383019e+02,1.752648275267081246e+01
2.340000000000000000e+02,-7.745549501910870731e+02,1.978290553194292656e+01
2.350000000000000000e+02,-7.673546574984601421e+02,2.205359593492273618e+01
2.360000000000000284e+02,-7.602153920852161946e+02,2.434590183232378280e+01
2.370000000000000284e+02,-7.531445314639437356e+02,2.666429348302405700e+01
2.380000000000000000e+02,-7.461504499453193375e+02,2.901027497476477990e+01
2.390000000000000000e+02,-7.392425058141698173e+02,3.138232805959401972e+01
2.399999999999999716e+02,-7.324309662730038326e+02,3.377600564835366725e+01
2.410000000000000284e+02,-7.257268773492734226e+02,3.618431249019139528e+01
2.420000000000000000e+02,-7.191418893283699845e+02,3.859809508798100808e+01
2.430000000000000000e+02,-7.126880507093530923e+02,4.100657112249869840e+01
2.440000000000000000e+02,-7.063775850266501948e+02,4.339787645135653804e+01
2.450000000000000284e+02,-7.002226650800022298e+02,4.575958538919975638e+01
2.460000000000000284e+02,-6.942351982104975150e+02,4.807935795597676076e+01
2.470000000000000000e+02,-6.884266343906433576e+02,5.034527898019914716e+01
2.480000000000000000e+02,-6.828078062768458949e+02,5.254644970784737268e+01
2.489999999999999716e+02,-6.773888072730264867e+02,5.467304993084609777e+01
2.500000000000000284e+02,-6.721789103695926997e+02,5.671683687908890192e+01
2.510000000000000000e+02,-6.671865273438600070e+02,5.867094610274671851e+01
2.520000000000000000e+02,-6.624192050959364906e+02,6.053010394626475943e+01
2.530000000000000000e+02,-6.578836536530405965e+02,6.229043587227266698e+01
2.540000000000000284e+02,-6.535857988397656300e+02,6.394938907475637535e+01
2.550000000000000284e+02,-6.495308518381805243e+02,6.550547906545126864e+01
2.560000000000000000e+02,-6.457233878291007159e+02,6.695809190041306636e+01
2.570000000000000000e+02,-6.421674265254898728e+02,6.830736831432434997e+01
2.580000000000000000e+02,-6.388665085396048653e+02,6.955380572225641345e+01
2.590000000000000000e+02,-6.358237629934480992e+02,7.069829818101578667e+01
2.600000000000000000e+02,-6.330419634029374265e+02,7.174180936636994943e+01
2.610000000000000000e+02,-6.305235704653293851e+02,7.268537545083563600e+01
2.620000000000000000e+02,-6.282707618097317663e+02,7.352995301430351560e+01
2.630000000000000000e+02,-6.262854499245710258e+02,7.427644981570955451e+01
2.640000000000000000e+02,-6.245692902924408827e+02,7.492561901416314640e+01
2.650000000000000000e+02,-6.231236822266918125e+02,7.547812198705376829e+01
2.660000000000000000e+02,-6.219497650408741265e+02,7.593455478569114803e+01
2.670000000000000000e+02,-6.210484120477001397e+02,7.629538112860706178e+01
2.680000000000000000e+02,-6.204202245525908666e+02,7.656107001754253361e+01
2.690000000000000000e+02,-6.200655275570742333e+02,7.673199074115819940e+01
2.700000000000000000e+02,-6.199843683914192525e+02,7.680852855439027849e+01
2.710000000000000000e+02,-6.201765190103071745e+02,7.679107384095088662e+01
2.720000000000000000e+02,-6.206414822456235925e+02,7.667989170797748955e+01
2.730000000000000000e+02,-6.213785019307880475e+02,7.647527694356377026e+01
2.740000000000000000e+02,-6.223865764872965656e+02,7.617738809863503491e+01
2.750000000000000000e+02,-6.236644752802823177e+02,7.578627515123702096e+01
2.760000000000000000e+02,-6.252107567860219888e+02,7.530184543610899084e+01
2.770000000000000000e+02,-6.270237873546323044e+02,7.472379319151362154e+01
2.780000000000000000e+02,-6.291017590913738786e+02,7.405153280779174452e+01
2.790000000000000000e+02,-6.314427051307351348e+02,7.328422338885897602e+01
2.800000000000000000e+02,-6.340445103662324300e+02,7.242072470978706633e+01
2.810000000000000000e+02,-6.369049155663260535e+02,7.145955118673171569e+01
2.820000000000000000e+02,-6.400215128015649952e+02,7.039893494505794536e+01
2.830000000000000000e+02,-6.433917302776610541e+02,6.923683467924220736e+01
2.840000000000000000e+02,-6.470128050512863638e+02,6.797100038375116071e+01
2.850000000000000000e+02,-6.508817427183283826e+02,6.659917406597362799e+01
2.860000000000000000e+02,-6.549952640005452622e+02,6.511900790973140829e+01
2.870000000000000000e+02,-6.593497391782417480e+02,6.352849055322023730e+01
2.880000000000000000e+02,-6.639411124561992210e+02,6.182601603640974730e+01
2.890000000000000000e+02,-6.687648195145571890e+02,6.001055603090149049e+01
2.900000000000000000e+02,-6.738157025753472453e+02,5.808197429471813678e+01
2.910000000000000000e+02,-6.790879281926745534e+02,5.604122392581203371e+01
2.920000000000000000e+02,-6.845749135410334247e+02,5.389051638781194953e+01
2.930000000000000000e+02,-6.902692671428895892e+02,5.163344338968016700e+01
2.940000000000000000e+02,-6.961627496861639202e+02,4.927522205310715719e+01
2.950000000000000000e+02,-7.022462598174321329e+02,4.682257883315730851e+01
2.960000000000000000e+02,-7.085098485847007623e+02,4.428386887217571655e+01
2.970000000000000000e+02,-7.149427646157765821e+02,4.166885210690934116e+01
2.980000000000000000e+02,-7.215335302642201896e+02,3.898856588888985897e+01
2.990000000000000000e+02,-7.282700469735648312e+02,3.625509042865672171e+01
3.000000000000000000e+02,-7.351397261569339889e+02,3.348120267073885259e+01
3.010000000000000000e+02,-7.421296401201394701e+02,3.067999351516857942e+01
3.020000000000000000e+02,-7.492266861154641902e+02,2.786454511945329315e+01
3.030000000000000000e+02,-7.564177556177860424e+02,2.504743298947426666e+01
3.040000000000000000e+02,-7.636899004447274137e+02,2.224036970430261917e+01
3.050000000000000000e+02,-7.710304874345642929e+02,1.945379950494153221e+01
3.060000000000000000e+02,-7.784273340402179429e+02,1.669667299661924886e+01
3.070000000000000000e+02,-7.858688183412615444e+02,1.397612471307836657e+01
3.080000000000000000e+02,-7.933439585272996055e+02,1.129731282394923753e+01
3.090000000000000000e+02,-8.008424587455140227e+02,8.663468014891416047e+00
3.100000000000000000e+02,-8.083547201957331936e+02,6.075650371567065555e+00
3.110000000000000000e+02,-8.158718183560930584e+02,3.533191256829920857e+00
3.120000000000000000e+02,-8.233854490959422492e+02,1.033597011936997268e+00
3.130000000000000000e+02,-8.308878480617585183e+02,-1.427016120138454580e+00
3.140000000000000000e+02,-8.383716890128627028e+02,-3.853681006379318319e+00
3.150000000000000000e+02,-8.458299676729687917e+02,-6.252241715011210843e+00
3.160000000000000000e+02,-8.532558781195268693e+02,-8.628913978527625872e+00
3.170000000000000000e+02,-8.606426887552470362e+02,-1.098991097656158900e+01
3.180000000000000000e+02,-8.679836245235985643e+02,-1.334123870400375367e+01
3.190000000000000000e+02,-8.752717612947005819e+02,-1.568814139432170229e+01
3.200000000000000000e+02,-8.824999373299617673e+02,-1.803504040757001192e+01
3.210000000000000000e+02,-8.896606855148443174e+02,-2.038516867020950230e+01
3.220000000000000000e+02,-8.967461887160568494e+02,-2.274044423657560898e+01
3.230000000000000000e+02,-9.037482592585616885e+02,-2.510146670345191922e+01
3.240000000000000000e+02,-9.106583422095027345e+02,-2.746734487072384212e+01
3.250000000000000000e+02,-9.174675409710366694e+02,-2.983587669963461053e+01
3.260000000000000000e+02,-9.241666626796511537e+02,-3.220352293720721093e+01
3.270000000000000000e+02,-9.307462801280682925e+02,-3.456559874662696785e+01
3.280000000000000000e+02,-9.371968063932250743e+02,-3.691643825345315832e+01
3.290000000000000000e+02,-9.435085780790521994e+02,-3.924961497516888898e+01
3.300000000000000000e+02,-9.496719430588653950e+02,-4.155811483105069470e+01
3.310000000000000000e+02,-9.556773488070899703e+02,-4.383457117408502057e+01
3.320000000000000000e+02,-9.615154278091728202e+02,-4.607149537063110500e+01
3.330000000000000000e+02,-9.671770770873629317e+02,-4.826147558895172551e+01
3.340000000000000000e+02,-9.726535295276681836e+02,-5.039736259051562683e+01
3.350000000000000000e+02,-9.779364153862203466e+02,-5.247242730612140349e+01
3.360000000000000000e+02,-9.830178130394850768e+02,-5.448049666356390475e+01
3.370000000000000000e+02,-9.878902886754849533e+02,-5.641601563340730507e+01
3.380000000000000000e+02,-9.925469251644821043e+02,-5.827426003360778139e+01
3.390000000000000000e+02,-9.969813407705747750e+02,-6.005116465324019259e+01
3.400000000000000000e+02,-1.001187698656580551e+03,-6.174362569358897446e+01
3.410000000000000000e+02,-1.005160708292427216e+03,-6.334924451300181403e+01
3.420000000000000000e+02,-1.008895619913420887e+03,-6.486649262013327188e+01
3.430000000000000000e+02,-1.012388213110241963e+03,-6.629455254783100315e+01
3.440000000000000000e+02,-1.015634780495386849e+03,-6.763343037799059232e+01
3.450000000000000000e+02,-1.018632107212250162e+03,-6.888369749606137304e+01
3.460000000000000000e+02,-1.021377446863916362e+03,-7.004651683845416699e+01
3.470000000000000000e+02,-1.023868494266111043e+03,-7.112367694489874737e+01
3.480000000000000000e+02,-1.026103355293560071e+03,-7.211725825340245422e+01
3.490000000000000000e+02,-1.028080514004401721e+03,-7.302973038556450547e+01
3.500000000000000000e+02,-1.029798797198742932e+03,-7.386376672201157589e+01
3.510000000000000000e+02,-1.031257336593238051e+03,-7.462214555370837843e+01
3.520000000000000000e+02,-1.032455528866950317e+03,-7.530762994308102520e+01
3.530000000000000000e+02,-1.033392993944907857e+03,-7.592286076115298954e+01
3.540000000000000000e+02,-1.034069532024416048e+03,-7.647018458312044231e+01
3.550000000000000000e+02,-1.034485080006307953e+03,-7.695160980249477234e+01
3.560000000000000000e+02,-1.034639668162521730e+03,-7.736861302715855970e+01
3.570000000000000000e+02,-1.034533378048738768e+03,-7.772202112470944257e+01
3.580000000000000000e+02,-1.034166302854281184e+03,-7.801194286645811360e+01
3.590000000000000000e+02,-1.033538511568661079e+03,-7.823767844707788299e+01
