lauf,E,gamma,phi,depth,t,knoten,feld_s,ring_s,mc_s,gesamt_s
1,105.0,21.25,30.5,16.0,0.28,7504,0.006785499999750755,0.006834399999206653,0.018556099999841535,0.03217599999879894
2,280.0,19.75,34.0,26.0,0.34,8049,0.006569099999978789,0.004853000000366592,0.01293699999951059,0.02435909999985597
3,430.0,20.5,27.0,22.0,0.35,8009,0.005924299999605864,0.0035677999985637143,0.019369600000572973,0.02886169999874255
4,345.0,18.5,34.5,16.0,0.32,7944,0.005704699999114382,0.0037326000001485227,0.01916979999987234,0.028607099999135244
5,355.0,19.75,30.5,27.0,0.24,7529,0.00921329999982845,0.008001500000318629,0.014730799999597366,0.031945599999744445
6,390.0,21.25,27.0,24.0,0.46,8721,0.007264100000611506,0.00473969999984547,0.014521900000545429,0.026525700001002406
7,190.0,18.75,26.5,12.0,0.48,8470,0.00832040000022971,0.003666299999167677,0.014800699998886557,0.026787399998283945
8,230.0,20.5,26.5,23.0,0.29,7589,0.005207199999858858,0.003459199999269913,0.01370659999884083,0.0223729999979696
9,305.0,20.25,28.0,21.0,0.41,8233,0.00869559999955527,0.004986200001440011,0.016765000000305008,0.03044680000130029
10,320.0,20.25,29.0,32.0,0.25,7445,0.005592499999693246,0.003966500000387896,0.014479899999059853,0.024038899999140995
11,405.0,19.0,26.0,29.0,0.31,7869,0.006845999998404295,0.0035611000002973014,0.014658800000688643,0.02506589999939024
12,460.0,21.0,28.5,31.0,0.37,7997,0.006507900001452072,0.005835599999045371,0.012314599998717313,0.024658099999214755
13,415.0,19.5,32.5,17.0,0.45,8437,0.00840059999973164,0.005877100000361679,0.014082300000154646,0.028360000000247965
14,155.0,19.0,29.5,23.0,0.27,7485,0.005517499999768916,0.003832200000033481,0.013152600000466919,0.022502300000269315
15,75.0,18.75,27.5,13.0,0.35,8003,0.0053246999996190425,0.004377299999759998,0.01612339999883261,0.02582539999821165
16,215.0,21.5,25.5,21.0,0.44,8413,0.0071874000004754635,0.004017299999759416,0.012577900000906084,0.023782600001140963
17,70.0,19.25,31.5,13.0,0.26,7423,0.005772200000137673,0.003981699999712873,0.01672309999958088,0.026476999999431428
18,245.0,20.75,28.0,28.0,0.41,8133,0.008569200001147692,0.007630399999470683,0.014743900001121801,0.030943500001740176
19,95.0,21.5,29.0,26.0,0.47,8673,0.006275599998843973,0.005701500000213855,0.01304119999986142,0.025018299998919247
20,270.0,18.25,32.5,12.0,0.41,8030,0.005859700000655721,0.003770700001041405,0.012244499999724212,0.021874900001421338
21,255.0,21.5,32.0,18.0,0.33,7889,0.0052508999997371575,0.0035729000010178424,0.014634899998782203,0.023458699999537203
22,375.0,21.75,30.5,18.0,0.23,7409,0.00626150000061898,0.0037509000012505567,0.013274199998704717,0.023286600000574253
23,170.0,19.5,30.5,16.0,0.38,8020,0.005493100001331186,0.0035009000002901303,0.014431100000365404,0.02342510000198672
24,445.0,20.25,31.0,27.0,0.43,8213,0.006774900000891648,0.0039025000005494803,0.014559799999915413,0.02523720000135654
25,330.0,20.25,31.5,22.0,0.28,7497,0.006241700000828132,0.00720999999975902,0.012900199999421602,0.026351900000008754
26,130.0,18.5,33.0,34.0,0.36,8068,0.0054282000000966946,0.006587399999261834,0.013697099999262718,0.025712699998621247
27,475.0,18.75,29.0,33.0,0.42,8033,0.005986500000290107,0.0037372999995568534,0.012228300000060699,0.02195209999990766
28,160.0,21.0,33.0,31.0,0.31,7789,0.005269499999485561,0.004263900000296417,0.014756099999431171,0.02428949999921315
29,120.0,20.75,34.0,19.0,0.23,7389,0.006916099999216385,0.007750099999611848,0.012335200000961777,0.02700139999979001
30,200.0,19.25,33.5,32.0,0.39,8001,0.005516900000657188,0.0035247000014351215,0.012245400001120288,0.021287000003212597
